time,accSmooth[0],accSmooth[1],accSmooth[2],gyroADC[0],gyroADC[1],gyroADC[2]
0.001,8.40070557,3.361410904,4.197882667,-56.38476643,141.148469,-10.01294061
0.002,8.40775788,3.375487233,4.176650708,-55.75189523,141.415361,-12.07902066
0.003,8.4148036,3.389503755,4.155312329,-55.11813929,141.6498114,-14.15057774
0.004,8.421842126,3.40345998,4.133867779,-54.48362491,141.851709,-16.22719016
0.005,8.428872852,3.417355417,4.112317311,-53.84847737,142.0209486,-18.30843355
0.006,8.435895174,3.431189576,4.090661185,-53.21282087,142.1574315,-20.39388093
0.007,8.442908484,3.444961964,4.068899667,-52.57677848,142.2610649,-22.48310285
0.008,8.449912176,3.458672089,4.047033029,-51.94047211,142.3317625,-24.57566739
0.009,8.456905641,3.472319458,4.025061548,-51.30402251,142.3694442,-26.67114027
0.01,8.463888272,3.485903577,4.002985507,-50.66754916,142.3740366,-28.76908494
0.011,8.47085946,3.499423951,3.980805198,-50.03117031,142.3454723,-30.86906265
0.012,8.477818594,3.512880085,3.958520914,-49.39500288,142.2836909,-32.97063251
0.013,8.484765066,3.526271483,3.936132959,-48.75916247,142.1886381,-35.07335161
0.014,8.491698264,3.53959765,3.91364164,-48.12376332,142.0602666,-37.17677508
0.015,8.498617579,3.552858089,3.891047272,-47.48891824,141.8985354,-39.28045618
0.016,8.505522399,3.566052303,3.868350175,-46.85473861,141.7034105,-41.38394639
0.017,8.512412114,3.579179795,3.845550675,-46.22133435,141.4748645,-43.48679549
0.018,8.519286113,3.592240067,3.822649107,-45.58881384,141.2128767,-45.58855169
0.019,8.526143784,3.605232622,3.799645808,-44.95728394,140.9174333,-47.68876164
0.02,8.532984516,3.618156962,3.776541125,-44.32684995,140.5885274,-49.78697061
0.021,8.539807699,3.631012589,3.753335411,-43.69761554,140.226159,-51.88272254
0.022,8.546612721,3.643799006,3.730029022,-43.06968276,139.8303349,-53.97556012
0.023,8.553398971,3.656515714,3.706622325,-42.44315199,139.401069,-56.06502493
0.024,8.56016584,3.669162216,3.68311569,-41.8181219,138.9383823,-58.15065752
0.025,8.566912717,3.681738013,3.659509496,-41.19468946,138.4423026,-60.23199747
0.026,8.573638992,3.694242609,3.635804127,-40.57294985,137.9128649,-62.30858357
0.027,8.580344056,3.706675505,3.611999974,-39.95299651,137.3501113,-64.37995385
0.028,8.587027301,3.719036205,3.588097434,-39.33492101,136.7540911,-66.44564571
0.029,8.593688118,3.731324212,3.564096912,-38.71881314,136.1248606,-68.50519604
0.03,8.6003259,3.74353903,3.539998817,-38.10476079,135.4624835,-70.55814129
0.031,8.60694004,3.755680162,3.515803568,-37.49284996,134.7670304,-72.6040176
0.032,8.613529932,3.767747113,3.491511589,-36.88316474,134.0385795,-74.64236092
0.033,8.620094971,3.779739388,3.467123309,-36.27578727,133.2772158,-76.67270709
0.034,8.626634553,3.791656494,3.442639167,-35.67079775,132.4830321,-78.69459194
0.035,8.633148075,3.803497936,3.418059606,-35.06827435,131.656128,-80.70755145
0.036,8.639634935,3.815263222,3.393385077,-34.46829326,130.7966107,-82.71112182
0.037,8.646094532,3.826951859,3.368616038,-33.87092863,129.9045946,-84.7048396
0.038,8.652526267,3.838563356,3.343752952,-33.27625255,128.9802014,-86.68824178
0.039,8.658929541,3.850097224,3.31879629,-32.68433505,128.0235602,-88.66086596
0.04,8.665303757,3.861552972,3.293746531,-32.09524404,127.0348073,-90.62225038
0.041,8.671648319,3.872930112,3.268604159,-31.50904536,126.0140866,-92.57193412
0.042,8.677962634,3.884228158,3.243369664,-30.92580268,124.9615492,-94.50945716
0.043,8.68424611,3.895446623,3.218043546,-30.34557754,123.8773534,-96.43436053
0.044,8.690498154,3.906585023,3.192626308,-29.76842933,122.761665,-98.34618641
0.045,8.69671818,3.917642873,3.167118462,-29.19441524,121.6146573,-100.2444782
0.046,8.702905598,3.928619691,3.141520528,-28.62359029,120.4365107,-102.1287809
0.047,8.709059824,3.939514998,3.115833029,-28.05600727,119.227413,-103.9986407
0.048,8.715180275,3.950328313,3.090056498,-27.49171678,117.9875593,-105.8536056
0.049,8.721266369,3.961059158,3.064191475,-26.93076716,116.717152,-107.6932254
0.05,8.727317526,3.971707058,3.038238503,-26.37320454,115.4164011,-109.5170518
0.051,8.73333317,3.982271538,3.012198137,-25.81907278,114.0855234,-111.3246383
0.052,8.739312726,3.992752125,2.986070935,-25.26841349,112.7247433,-113.1155407
0.053,8.74525562,4.003148348,2.959857463,-24.72126599,111.3342923,-114.889317
0.054,8.751161284,4.013459737,2.933558293,-24.17766737,109.9144093,-116.6455275
0.055,8.75702915,4.023685826,2.907174007,-23.63765239,108.4653402,-118.383735
0.056,8.762858651,4.033826148,2.880705189,-23.10125355,106.9873383,-120.1035051
0.057,8.768649227,4.043880241,2.854152433,-22.56850107,105.4806637,-121.8044058
0.058,8.774400316,4.053847644,2.827516339,-22.03942285,103.9455839,-123.4860083
0.059,8.780111362,4.063727897,2.800797513,-21.5140445,102.3823736,-125.1478865
0.06,8.785781811,4.073520543,2.773996569,-20.99238936,100.7913141,-126.7896177
0.061,8.791411111,4.083225129,2.747114127,-20.47447842,99.17269424,-128.4107821
0.062,8.796998714,4.092841201,2.720150813,-19.96033043,97.52680942,-130.0109636
0.063,8.802544075,4.10236831,2.693107261,-19.4499618,95.85396217,-131.5897492
0.064,8.808046651,4.111806008,2.665984111,-18.94338667,94.15446186,-133.1467298
0.065,8.813505905,4.121153852,2.638782009,-18.44061688,92.42862472,-134.6814998
0.066,8.8189213,4.130411398,2.611501609,-17.941662,90.67677375,-136.1936578
0.067,8.824292304,4.139578208,2.584143571,-17.44652929,88.8992387,-137.6828059
0.068,8.829618389,4.148653844,2.55670856,-16.95522377,87.09635601,-139.1485507
0.069,8.834899029,4.157637872,2.529197251,-16.46774817,85.26846873,-140.5905028
0.07,8.840133702,4.166529862,2.501610321,-15.98410299,83.41592652,-142.008277
0.071,8.845321891,4.175329386,2.473948459,-15.50428645,81.53908553,-143.4014929
0.072,8.850463081,4.184036017,2.446212355,-15.02829455,79.63830834,-144.7697744
0.073,8.855556762,4.192649335,2.418402708,-14.55612108,77.71396395,-146.1127503
0.074,8.860602427,4.20116892,2.390520225,-14.08775758,75.76642767,-147.4300539
0.075,8.865599574,4.209594357,2.362565615,-13.62319343,73.79608103,-148.7213238
0.076,8.870547704,4.217925232,2.334539598,-13.1624158,71.80331176,-149.9862034
0.077,8.875446324,4.226161137,2.306442897,-12.70540969,69.7885137,-151.2243413
0.078,8.880294941,4.234301665,2.278276243,-12.25215798,67.75208669,-152.4353914
0.079,8.885093071,4.242346415,2.250040372,-11.80264138,65.69443652,-153.619013
0.08,8.889840232,4.250294987,2.221736027,-11.35683849,63.61597487,-154.774871
0.081,8.894535946,4.258146987,2.193363958,-10.91472584,61.51711916,-155.9026356
0.082,8.899179741,4.265902021,2.164924918,-10.47627784,59.39829256,-157.001983
0.083,8.903771148,4.273559703,2.136419669,-10.0414669,57.25992379,-158.0725952
0.084,8.908309704,4.281119647,2.107848978,-9.61026334,55.10244713,-159.1141601
0.085,8.91279495,4.288581474,2.079213618,-9.18263552,52.92630228,-160.1263717
0.086,8.917226431,4.295944806,2.050514368,-8.75854979,50.73193427,-161.10893
0.087,8.921603697,4.303209271,2.021752012,-8.33797055,48.51979335,-162.0615414
0.088,8.925926305,4.3103745,1.992927341,-7.920860266,46.29033493,-162.9839187
0.089,8.930193815,4.317440128,1.964041151,-7.507179499,44.04401946,-163.8757809
0.09,8.934405791,4.324405795,1.935094243,-7.096886933,41.7813123,-164.736854
0.091,8.938561805,4.331271144,1.906087426,-6.689939406,39.50268368,-165.5668702
0.092,8.942661432,4.338035822,1.877021513,-6.286291935,37.20860852,-166.3655688
0.093,8.946704253,4.344699483,1.847897322,-5.885897752,34.89956638,-167.1326957
0.094,8.950689854,4.351261781,1.818715677,-5.488708334,32.57604131,-167.8680039
0.095,8.954617826,4.357722378,1.789477407,-5.094673434,30.23852176,-168.5712534
0.096,8.958487766,4.364080939,1.760183348,-4.703741116,27.88750046,-169.2422114
0.097,8.962299277,4.370337134,1.730834339,-4.315857788,25.52347431,-169.8806521
0.098,8.966051966,4.376490636,1.701431227,-3.930968241,23.14694425,-170.4863571
0.099,8.969745447,4.382541124,1.67197486,-3.549015677,20.75841515,-171.0591155
0.1,8.973379338,4.388488282,1.642466095,-3.169941754,18.35839568,-171.5987236
0.101,8.976953266,4.394331798,1.612905793,-2.793686618,15.94739821,-172.1049856
0.102,8.980466859,4.400071364,1.583294818,-2.420188943,13.52593863,-172.5777129
0.103,8.983919756,4.405706679,1.553634041,-2.04938597,11.09453631,-173.0167249
0.104,8.987311597,4.411237445,1.523924337,-1.681213548,8.653713885,-173.4218487
0.105,8.990642032,4.416663369,1.494166587,-1.31560617,6.203997191,-173.792919
0.106,8.993910714,4.421984163,1.464361674,-0.952497018,3.745915097,-174.1297788
0.107,8.997117304,4.427199546,1.434510488,-0.591818004,1.279999384,-174.4322786
0.108,9.000261468,4.432309239,1.404613922,-0.233499812,-1.193215386,-174.7002774
0.109,9.003342879,4.43731297,1.374672875,0.12252806,-3.67319201,-174.933642
0.11,9.006361215,4.442210472,1.344688248,0.476337256,-6.159390776,-175.1322473
0.111,9.009316163,4.447001482,1.31466095,0.828000517,-8.651269602,-175.2959765
0.112,9.012207413,4.451685744,1.284591889,1.177591635,-11.14828418,-175.4247212
0.113,9.015034663,4.456263006,1.254481982,1.525185413,-13.6498881,-175.5183811
0.114,9.017797617,4.460733021,1.224332148,1.870857613,-16.15553301,-175.5768643
0.115,9.020495986,4.46509555,1.194143309,2.214684912,-18.66466875,-175.6000872
0.116,9.023129488,4.469350356,1.163916393,2.556744858,-21.1767435,-175.5879749
0.117,9.025697845,4.473497209,1.13365233,2.897115817,-23.69120391,-175.5404607
0.118,9.02820079,4.477535885,1.103352054,3.235876931,-26.20749525,-175.4574866
0.119,9.030638057,4.481466164,1.073016503,3.573108066,-28.72506157,-175.3390031
0.12,9.033009392,4.485287833,1.04264662,3.908889766,-31.24334584,-175.1849691
0.121,9.035314545,4.489000685,1.012243348,4.243303202,-33.76179007,-174.9953525
0.122,9.037553274,4.492604516,0.981807637,4.576430125,-36.27983552,-174.7701294
0.123,9.039725341,4.496099131,0.951340437,4.908352814,-38.79692276,-174.5092849
0.124,9.041830519,4.499484339,0.920842704,5.239154028,-41.31249192,-174.2128126
0.125,9.043868586,4.502759954,0.890315395,5.568916955,-43.82598275,-173.8807147
0.126,9.045839325,4.505925796,0.859759471,5.897725162,-46.33683484,-173.5130024
0.127,9.04774253,4.508981693,0.829175895,6.225662546,-48.8444877,-173.1096954
0.128,9.049577999,4.511927477,0.798565635,6.552813279,-51.34838099,-172.6708222
0.129,9.051345537,4.514762986,0.767929659,6.879261762,-53.8479546,-172.1964199
0.13,9.053044958,4.517488064,0.73726894,7.20509257,-56.34264886,-171.6865345
0.131,9.054676082,4.52010256,0.706584451,7.530390403,-58.83190464,-171.1412208
0.132,9.056238736,4.522606331,0.675877169,7.855240036,-61.31516353,-170.560542
0.133,9.057732754,4.524999239,0.645148073,8.179726262,-63.79186799,-169.9445704
0.134,9.059157978,4.527281151,0.614398146,8.503933849,-66.26146151,-169.2933867
0.135,9.060514258,4.529451942,0.583628369,8.82794748,-68.72338872,-168.6070806
0.136,9.061801448,4.531511491,0.552839729,9.151851708,-71.17709559,-167.8857502
0.137,9.063019413,4.533459684,0.522033212,9.475730902,-73.62202956,-167.1295024
0.138,9.064168023,4.535296414,0.491209809,9.799669197,-76.05763969,-166.3384529
0.139,9.065247156,4.537021578,0.46037051,10.12375044,-78.48337681,-165.5127257
0.14,9.066256697,4.538635081,0.429516307,10.44805814,-80.89869367,-164.6524535
0.141,9.067196539,4.540136833,0.398648195,10.77267542,-83.3030451,-163.7577779
0.142,9.068066582,4.541526751,0.36776717,11.09768497,-85.69588815,-162.8288484
0.143,9.068866734,4.542804758,0.336874227,11.42316898,-88.07668221,-161.8658236
0.144,9.069596909,4.543970782,0.305970366,11.7492091,-90.44488923,-160.8688702
0.145,9.07025703,4.54502476,0.275056585,12.0758864,-92.79997379,-159.8381633
0.146,9.070847026,4.545966631,0.244133886,12.4032813,-95.1414033,-158.7738867
0.147,9.071366834,4.546796344,0.213203268,12.73147355,-97.46864811,-157.6762321
0.148,9.0718164,4.547513853,0.182265733,13.06054214,-99.78118167,-156.5453997
0.149,9.072195676,4.548119117,0.151322286,13.39056528,-102.0784807,-155.3815978
0.15,9.07250462,4.548612103,0.120373928,13.72162035,-104.3600252,-154.1850431
0.151,9.0727432,4.548992783,0.089421664,14.05378384,-106.6252989,-152.9559601
0.152,9.072911391,4.549261137,0.058466498,14.38713132,-108.8737891,-151.6945815
0.153,9.073009175,4.549417148,0.027509434,14.72173735,-111.1049867,-150.4011478
0.154,9.073036541,4.54946081,-0.003448523,15.05767552,-113.3183868,-149.0759077
0.155,9.072993486,4.549392118,-0.034406367,15.39501829,-115.5134886,-147.7191175
0.156,9.072880016,4.549211077,-0.065363095,15.73383705,-117.6897953,-146.3310413
0.157,9.072696141,4.548917697,-0.096317702,16.074202,-119.8468146,-144.9119508
0.158,9.072441882,4.548511994,-0.127269183,16.41618215,-121.9840587,-143.4621256
0.159,9.072117266,4.547993992,-0.158216533,16.75984525,-124.1010443,-141.9818525
0.16,9.071722327,4.547363718,-0.18915875,17.10525775,-126.1972929,-140.4714259
0.161,9.071257108,4.546621208,-0.22009483,17.45248479,-128.2723309,-138.9311474
0.162,9.070721657,4.545766503,-0.251023771,17.8015901,-130.3256897,-137.3613262
0.163,9.070116032,4.544799651,-0.281944571,18.15263601,-132.3569057,-135.7622783
0.164,9.069440298,4.543720706,-0.312856228,18.50568339,-134.3655207,-134.134327
0.165,9.068694526,4.542529728,-0.343757743,18.86079161,-136.3510817,-132.4778025
0.166,9.067878796,4.541226782,-0.374648117,19.21801848,-138.3131414,-130.793042
0.167,9.066993194,4.539811942,-0.405526352,19.57742026,-140.2512578,-129.0803892
0.168,9.066037815,4.538285286,-0.436391451,19.93905159,-142.1649949,-127.3401948
0.169,9.06501276,4.536646898,-0.467242419,20.30296543,-144.0539224,-125.572816
0.17,9.063918139,4.53489687,-0.498078263,20.6692131,-145.9176159,-123.7786164
0.171,9.062754067,4.533035299,-0.52889799,21.03784415,-147.7556571,-121.957966
0.172,9.061520668,4.531062288,-0.559700609,21.40890641,-149.5676339,-120.111241
0.173,9.060218073,4.528977946,-0.590485132,21.78244588,-151.3531402,-118.2388239
0.174,9.058846421,4.526782388,-0.621250572,22.15850678,-153.1117767,-116.341103
0.175,9.057405857,4.524475736,-0.651995944,22.53713145,-154.8431501,-114.4184727
0.176,9.055896534,4.522058118,-0.682720264,22.91836034,-156.546874,-112.4713331
0.177,9.054318611,4.519529666,-0.713422553,23.302232,-158.2225685,-110.50009
0.178,9.052672256,4.516890521,-0.744101831,23.68878303,-159.8698603,-108.5051547
0.179,9.050957644,4.514140828,-0.774757122,24.07804805,-161.4883833,-106.486944
0.18,9.049174955,4.511280738,-0.805387453,24.47005969,-163.0777781,-104.44588
0.181,9.047324379,4.508310408,-0.835991852,24.86484855,-164.6376922,-102.3823898
0.182,9.045406111,4.505230001,-0.86656935,25.26244319,-166.1677805,-100.2969059
0.183,9.043420353,4.502039688,-0.897118983,25.66287008,-167.6677047,-98.18986526
0.184,9.041367316,4.498739641,-0.927639786,26.06615361,-169.1371341,-96.06171002
0.185,9.039247217,4.495330043,-0.9581308,26.47231604,-170.5757451,-93.91288678
0.186,9.037060278,4.49181108,-0.988591067,26.88137748,-171.9832216,-91.74384668
0.187,9.034806731,4.488182943,-1.019019633,27.29335592,-173.3592549,-89.55504529
0.188,9.032486812,4.48444583,-1.049415549,27.70826713,-174.703544,-87.34694237
0.189,9.030100766,4.480599946,-1.079777865,28.1261247,-176.0157954,-85.12000185
0.19,9.027648844,4.476645498,-1.110105638,28.54694002,-177.2957231,-82.87469159
0.191,9.025131303,4.472582703,-1.140397927,28.97072224,-178.5430491,-80.61148331
0.192,9.022548409,4.46841178,-1.170653795,29.39747826,-179.7575031,-78.33085242
0.193,9.019900432,4.464132955,-1.200872309,29.82721273,-180.9388226,-76.03327789
0.194,9.017187649,4.459746459,-1.231052538,30.25992806,-182.086753,-73.7192421
0.195,9.014410345,4.455252529,-1.261193557,30.69562433,-183.2010477,-71.38923071
0.196,9.011568811,4.450651408,-1.291294443,31.13429938,-184.281468,-69.04373249
0.197,9.008663344,4.445943342,-1.321354279,31.57594872,-185.3277833,-66.68323923
0.198,9.005694247,4.441128584,-1.351372149,32.02056556,-186.339771,-64.30824553
0.199,9.002661831,4.436207393,-1.381347145,32.46814082,-187.3172167,-61.91924873
0.2,8.999566411,4.431180032,-1.411278361,32.91866306,-188.2599142,-59.51674869
0.201,8.996408311,4.426046769,-1.441164894,33.37211857,-189.1676652,-57.1012477
0.202,8.993187859,4.420807878,-1.471005848,33.82849126,-190.04028,-54.67325031
0.203,8.989905389,4.415463637,-1.500800331,34.28776275,-190.8775769,-52.23326319
0.204,8.986561244,4.410014331,-1.530547454,34.74991231,-191.6793825,-49.78179501
0.205,8.98315577,4.404460247,-1.560246333,35.2149169,-192.4455317,-47.31935624
0.206,8.97968932,4.398801681,-1.58989609,35.68275113,-193.1758677,-44.84645905
0.207,8.976162253,4.393038929,-1.619495851,36.15338729,-193.8702421,-42.36361715
0.208,8.972574934,4.387172297,-1.649044746,36.62679535,-194.5285146,-39.87134565
0.209,8.968927734,4.381202091,-1.678541912,37.10294296,-195.1505536,-37.3701609
0.21,8.965221029,4.375128625,-1.707986488,37.58179545,-195.7362356,-34.86058038
0.211,8.961455202,4.368952216,-1.737377621,38.06331585,-196.2854455,-32.34312252
0.212,8.95763064,4.362673188,-1.76671446,38.54746489,-196.7980767,-29.81830655
0.213,8.953747736,4.356291866,-1.795996163,39.03420099,-197.2740308,-27.2866524
0.214,8.94980689,4.349808582,-1.825221889,39.52348031,-197.7132178,-24.74868053
0.215,8.945808506,4.343223671,-1.854390806,40.01525673,-198.1155562,-22.20491178
0.216,8.941752994,4.336537476,-1.883502085,40.50948187,-198.4809727,-19.65586725
0.217,8.937640768,4.329750339,-1.912554903,41.00610509,-198.8094024,-17.10206814
0.218,8.933472249,4.32286261,-1.941548443,41.50507355,-199.1007887,-14.54403561
0.219,8.929247863,4.315874642,-1.970481893,42.00633214,-199.3550834,-11.98229067
0.22,8.924968041,4.308786793,-1.999354447,42.50982359,-199.5722464,-9.417353979
0.221,8.920633217,4.301599423,-2.028165304,43.01548842,-199.7522462,-6.849745787
0.222,8.916243834,4.2943129,-2.056913669,43.52326499,-199.8950592,-4.279985733
0.223,8.911800336,4.286927592,-2.085598753,44.03308951,-200.0006704,-1.708592739
0.224,8.907303174,4.279443874,-2.114219773,44.54489604,-200.0690727,0.863915133
0.225,8.902752804,4.271862122,-2.142775951,45.05861656,-200.1002673,3.437020811
0.226,8.898149685,4.264182718,-2.171266515,45.57418093,-200.0942635,6.010208353
0.227,8.893494282,4.256406047,-2.199690701,46.09151696,-200.0510788,8.582963071
0.228,8.888787065,4.248532499,-2.228047748,46.61055042,-199.9707387,11.15477167
0.229,8.884028508,4.240562465,-2.256336902,47.13120503,-199.8532767,13.72512236
0.23,8.879219088,4.232496342,-2.284557416,47.65340256,-199.6987343,16.29350501
0.231,8.874359288,4.22433453,-2.312708549,48.17706276,-199.5071612,18.85941126
0.232,8.869449596,4.216077432,-2.340789566,48.70210347,-199.2786146,21.42233464
0.233,8.864490503,4.207725454,-2.368799737,49.22844062,-199.0131598,23.98177071
0.234,8.859482503,4.199279007,-2.396738339,49.75598822,-198.7108699,26.53721716
0.235,8.854426097,4.190738503,-2.424604657,50.28465844,-198.3718256,29.08817397
0.236,8.849321787,4.18210436,-2.45239798,50.81436163,-197.9961156,31.63414348
0.237,8.844170082,4.173376997,-2.480117604,51.34500632,-197.5838359,34.17463055
0.238,8.838971493,4.164556836,-2.507762833,51.87649928,-197.1350903,36.70914265
0.239,8.833726534,4.155644304,-2.535332974,52.40874557,-196.6499901,39.23718997
0.24,8.828435724,4.146639829,-2.562827344,52.9416485,-196.128654,41.75828558
0.241,8.823099587,4.137543843,-2.590245264,53.47510975,-195.5712082,44.27194547
0.242,8.817718647,4.128356781,-2.617586063,54.00902933,-194.9777862,46.77768873
0.243,8.812293435,4.119079079,-2.644849076,54.54330569,-194.3485287,49.27503759
0.244,8.806824483,4.109711179,-2.672033645,55.07783568,-193.6835837,51.76351761
0.245,8.801312327,4.100253522,-2.699139117,55.61251464,-192.9831063,54.24265768
0.246,8.795757508,4.090706555,-2.726164849,56.14723639,-192.2472587,56.71199021
0.247,8.790160568,4.081070724,-2.7531102,56.68189332,-191.47621,59.17105119
0.248,8.784522053,4.071346481,-2.77997454,57.21637639,-190.6701363,61.61938029
0.249,8.778842512,4.061534277,-2.806757242,57.75057517,-189.8292204,64.05652098
0.25,8.773122497,4.051634569,-2.833457689,58.28437791,-188.9536522,66.48202059
0.251,8.767362563,4.041647813,-2.860075269,58.81767153,-188.0436279,68.89543041
0.252,8.761563266,4.031574469,-2.886609376,59.35034171,-187.0993504,71.29630583
0.253,8.755725169,4.021414999,-2.913059413,59.88227288,-186.1210293,73.68420634
0.254,8.749848834,4.011169866,-2.939424787,60.4133483,-185.1088804,76.05869571
0.255,8.743934826,4.000839536,-2.965704914,60.94345008,-184.063126,78.419342
0.256,8.737983714,3.990424478,-2.991899216,61.47245924,-182.9839946,80.76571768
0.257,8.731996069,3.97992516,-3.018007121,62.00025572,-181.8717209,83.09739972
0.258,8.725972463,3.969342054,-3.044028065,62.52671846,-180.7265458,85.41396963
0.259,8.719913472,3.958675634,-3.06996149,63.05172542,-179.548716,87.71501358
0.26,8.713819674,3.947926374,-3.095806846,63.5751536,-178.3384842,90.00012242
0.261,8.707691648,3.937094751,-3.121563588,64.09687914,-177.0961089,92.26889183
0.262,8.701529977,3.926181243,-3.147231179,64.61677731,-175.8218545,94.5209223
0.263,8.695335243,3.91518633,-3.172809088,65.13472259,-174.5159908,96.75581928
0.264,8.689108034,3.904110492,-3.198296792,65.65058868,-173.1787933,98.97319319
0.265,8.682848936,3.892954214,-3.223693773,66.16424859,-171.8105428,101.1726595
0.266,8.676558538,3.881717977,-3.248999523,66.67557461,-170.4115257,103.3538388
0.267,8.670237433,3.870402268,-3.274213537,67.18443845,-168.9820334,105.5163569
0.268,8.663886213,3.859007572,-3.299335318,67.6907112,-167.5223626,107.6598447
0.269,8.657505471,3.847534378,-3.324364378,68.19426341,-166.0328151,109.7839386
0.27,8.651095805,3.835983173,-3.349300233,68.69496515,-164.5136976,111.8882802
0.271,8.644657811,3.824354448,-3.374142408,69.19268601,-162.9653216,113.9725165
0.272,8.638192088,3.812648692,-3.398890431,69.68729521,-161.3880036,116.0362999
0.273,8.631699236,3.800866397,-3.423543842,70.17866157,-159.7820646,118.0792884
0.274,8.625179856,3.789008055,-3.448102184,70.66665359,-158.1478301,120.1011454
0.275,8.61863455,3.77707416,-3.472565007,71.15113953,-156.4856303,122.1015401
0.276,8.612063922,3.765065205,-3.49693187,71.63198739,-154.7957997,124.0801471
0.277,8.605468575,3.752981684,-3.521202337,72.10906499,-153.0786769,126.0366467
0.278,8.598849116,3.740824093,-3.545375977,72.58224001,-151.3346049,127.970725
0.279,8.59220615,3.728592927,-3.56945237,73.05138004,-149.5639307,129.8820736
0.28,8.585540284,3.716288682,-3.593431098,73.51635261,-147.7670052,131.77039
0.281,8.578852125,3.703911855,-3.617311754,73.97702524,-145.9441833,133.6353776
0.282,8.572142283,3.691462942,-3.641093933,74.43326549,-144.0958236,135.4767454
0.283,8.565411365,3.67894244,-3.664777241,74.884941,-142.2222884,137.2942084
0.284,8.558659981,3.666350848,-3.688361288,75.33191955,-140.3239435,139.0874874
0.285,8.551888742,3.653688662,-3.71184569,75.77406906,-138.4011583,140.8563091
0.286,8.545098256,3.640956381,-3.735230072,76.21125769,-136.4543054,142.600406
0.287,8.538289135,3.628154502,-3.758514063,76.64335382,-134.4837607,144.3195168
0.288,8.53146199,3.615283523,-3.7816973,77.07022617,-132.4899035,146.0133859
0.289,8.524617431,3.602343942,-3.804779426,77.49174377,-130.4731159,147.6817638
0.29,8.51775607,3.589336258,-3.82776009,77.90777605,-128.433783,149.3244068
0.291,8.510878517,3.576260967,-3.850638948,78.31819287,-126.3722929,150.9410773
0.292,8.503985384,3.563118567,-3.873415662,78.72286454,-124.2890363,152.5315438
0.293,8.497077281,3.549909556,-3.896089901,79.12166189,-122.1844067,154.0955806
0.294,8.49015482,3.536634431,-3.918661339,79.51445632,-120.0588002,155.6329682
0.295,8.483218612,3.523293689,-3.941129656,79.9011198,-117.9126151,157.1434928
0.296,8.476269267,3.509887825,-3.963494541,80.28152496,-115.7462524,158.626947
0.297,8.469307394,3.496417336,-3.985755687,80.65554506,-113.5601152,160.0831292
0.298,8.462333605,3.482882718,-4.007912792,81.02305414,-111.3546088,161.5118437
0.299,8.455348507,3.469284465,-4.029965563,81.38392694,-109.1301405,162.912901
0.3,8.44835271,3.455623072,-4.051913711,81.73803902,-106.8871198,164.2861176
0.301,8.441346823,3.441899033,-4.073756953,82.08526679,-104.6259578,165.6313159
0.302,8.434331453,3.42811284,-4.095495015,82.4254875,-102.3470676,166.9483243
0.303,8.427307206,3.414264987,-4.117127624,82.75857933,-100.050864,168.2369773
0.304,8.42027469,3.400355964,-4.138654518,83.08442141,-97.7377632,169.4971151
0.305,8.413234509,3.386386264,-4.160075436,83.40289387,-95.40818312,170.7285841
0.306,8.406187269,3.372356375,-4.181390127,83.71387783,-93.06254297,171.9312365
0.307,8.399133573,3.358266788,-4.202598343,84.01725551,-90.70126334,173.1049306
0.308,8.392074023,3.34411799,-4.223699845,84.3129102,-88.32476601,174.2495304
0.309,8.385009223,3.329910469,-4.244694395,84.60072633,-85.93347393,175.3649059
0.31,8.377939771,3.315644711,-4.265581764,84.88058952,-83.52781108,176.4509329
0.311,8.370866269,3.301321201,-4.286361728,85.15238655,-81.10820241,177.5074931
0.312,8.363789314,3.286940423,-4.307034069,85.41600549,-78.67507372,178.5344741
0.313,8.356709503,3.272502861,-4.327598574,85.67133563,-76.22885163,179.5317691
0.314,8.349627433,3.258008997,-4.348055035,85.9182676,-73.76996343,180.4992772
0.315,8.342543699,3.24345931,-4.368403249,86.15669336,-71.29883701,181.4369033
0.316,8.335458893,3.22885428,-4.388643022,86.38650623,-68.81590081,182.3445579
0.317,8.328373607,3.214194386,-4.40877416,86.60760093,-66.3215837,183.2221573
0.318,8.321288432,3.199480104,-4.428796478,86.81987363,-63.81631489,184.0696233
0.319,8.314203957,3.18471191,-4.448709796,87.02322195,-61.30052391,184.8868836
0.32,8.307120769,3.169890277,-4.468513937,87.21754501,-58.77464042,185.6738712
0.321,8.300039453,3.155015679,-4.488208732,87.40274344,-56.23909424,186.4305248
0.322,8.292960594,3.140088587,-4.507794015,87.57871942,-53.6943152,187.1567887
0.323,8.285884774,3.125109469,-4.527269625,87.74537674,-51.14073309,187.8526126
0.324,8.278812574,3.110078795,-4.546635409,87.90262076,-48.57877756,188.5179516
0.325,8.271744573,3.09499703,-4.565891215,88.0503585,-46.00887809,189.1527665
0.326,8.264681346,3.079864641,-4.585036899,88.18849862,-43.43146384,189.7570231
0.327,8.257623471,3.064682089,-4.604072319,88.31695149,-40.84696366,190.3306929
0.328,8.250571519,3.049449838,-4.622997341,88.43562918,-38.25580593,190.8737524
0.329,8.243526062,3.034168346,-4.641811832,88.5444455,-35.65841856,191.3861835
0.33,8.23648767,3.018838073,-4.660515668,88.64331602,-33.05522887,191.8679734
0.331,8.229456909,3.003459474,-4.679108726,88.73215809,-30.44666355,192.3191144
0.332,8.222434345,2.988033005,-4.69759089,88.81089089,-27.83314857,192.7396039
0.333,8.21542054,2.972559119,-4.715962047,88.8794354,-25.21510911,193.1294444
0.334,8.208416055,2.957038266,-4.73422209,88.93771448,-22.59296953,193.4886435
0.335,8.20142145,2.941470897,-4.752370914,88.98565286,-19.96715322,193.8172139
0.336,8.19443728,2.925857458,-4.770408421,89.02317713,-17.33808264,194.1151729
0.337,8.187464099,2.910198395,-4.788334517,89.05021585,-14.70617916,194.3825432
0.338,8.18050246,2.894494152,-4.806149109,89.06669948,-12.07186308,194.619352
0.339,8.173552911,2.87874517,-4.823852113,89.07256043,-9.435553488,194.8256313
0.34,8.166616001,2.86295189,-4.841443447,89.0677331,-6.797668254,195.0014182
0.341,8.159692273,2.847114748,-4.858923031,89.05215386,-4.15862395,195.1467543
0.342,8.15278227,2.831234181,-4.876290793,89.0257611,-1.51883579,195.2616857
0.343,8.145886531,2.815310623,-4.893546662,88.98849523,1.121282427,195.3462636
0.344,8.139005594,2.799344504,-4.910690573,88.94029869,3.761318374,195.4005432
0.345,8.132139994,2.783336255,-4.927722463,88.88111597,6.40086125,195.4245846
0.346,8.125290263,2.767286303,-4.944642274,88.81089365,9.039501842,195.4184523
0.347,8.118456929,2.751195073,-4.961449952,88.72958036,11.67683257,195.3822152
0.348,8.111640521,2.735062989,-4.978145446,88.63712685,14.31244756,195.3159465
0.349,8.104841562,2.718890472,-4.994728709,88.53348596,16.94594265,195.2197238
0.35,8.098060574,2.702677941,-5.011199697,88.41861266,19.57691552,195.093629
0.351,8.091298076,2.686425812,-5.027558371,88.29246404,22.20496564,194.9377481
0.352,8.084554583,2.6701345,-5.043804693,88.15499935,24.82969442,194.7521713
0.353,8.07783061,2.653804418,-5.059938632,88.00617997,27.4507052,194.536993
0.354,8.071126666,2.637435975,-5.075960158,87.84596946,30.06760329,194.2923115
0.355,8.064443258,2.621029579,-5.091869244,87.67433354,32.67999606,194.0182292
0.356,8.057780893,2.604585637,-5.107665867,87.4912401,35.28749294,193.7148525
0.357,8.051140072,2.588104551,-5.123350008,87.29665924,37.8897055,193.3822915
0.358,8.044521294,2.571586724,-5.138921651,87.09056324,40.48624748,193.0206604
0.359,8.037925054,2.555032552,-5.154380781,86.87292658,43.07673481,192.630077
0.36,8.031351847,2.538442434,-5.169727388,86.64372596,45.66078569,192.210663
0.361,8.024802162,2.521816764,-5.184961465,86.40294027,48.23802061,191.7625435
0.362,8.018276486,2.505155932,-5.200083008,86.15055065,50.80806236,191.2858477
0.363,8.011775304,2.48846033,-5.215092014,85.88654043,53.37053614,190.7807079
0.364,8.005299096,2.471730345,-5.229988486,85.61089518,55.92506954,190.2472602
0.365,7.998848342,2.454966361,-5.244772427,85.3236027,58.47129257,189.6856441
0.366,7.992423514,2.438168761,-5.259443844,85.02465302,61.00883775,189.0960025
0.367,7.986025087,2.421337925,-5.274002747,84.71403842,63.53734009,188.4784818
0.368,7.979653527,2.404474232,-5.288449147,84.39175338,66.05643715,187.8332315
0.369,7.973309302,2.387578056,-5.302783059,84.05779466,68.56576906,187.1604045
0.37,7.966992872,2.370649772,-5.317004501,83.71216122,71.06497858,186.4601569
0.371,7.960704699,2.35368975,-5.331113491,83.35485428,73.5537111,185.7326479
0.372,7.954445237,2.336698358,-5.345110052,82.98587729,76.03161465,184.97804
0.373,7.948214939,2.319675963,-5.358994208,82.60523594,78.49834001,184.1964985
0.374,7.942014256,2.302622929,-5.372765986,82.21293815,80.95354065,183.3881918
0.375,7.935843633,2.285539616,-5.386425414,81.80899408,83.3968728,182.5532912
0.376,7.929703514,2.268426384,-5.399972524,81.39341611,85.82799549,181.6919712
0.377,7.923594339,2.25128359,-5.413407349,80.96621885,88.24657052,180.8044087
0.378,7.917516544,2.234111587,-5.426729923,80.52741913,90.65226255,179.8907837
0.379,7.911470563,2.216910728,-5.439940284,80.07703602,93.0447391,178.9512788
0.38,7.905456825,2.199681361,-5.453038472,79.61509078,95.42367053,177.9860795
0.381,7.899475757,2.182423835,-5.466024528,79.14160689,97.78873015,176.9953737
0.382,7.893527783,2.165138493,-5.478898493,78.65661003,100.1395941,175.979352
0.383,7.887613323,2.147825678,-5.491660414,78.16012808,102.4759417,174.9382078
0.384,7.881732792,2.130485731,-5.504310337,77.65219111,104.7974549,173.8721365
0.385,7.875886605,2.113118988,-5.516848309,77.13283139,107.1038188,172.7813364
0.386,7.870075172,2.095725785,-5.529274382,76.60208334,109.3947216,171.666008
0.387,7.864298897,2.078306454,-5.541588606,76.05998357,111.6698543,170.5263542
0.388,7.858558186,2.060861327,-5.553791035,75.50657084,113.9289111,169.3625803
0.389,7.852853437,2.043390731,-5.565881722,74.94188607,116.1715893,168.1748936
0.39,7.847185046,2.025894993,-5.577860725,74.36597233,118.397589,166.963504
0.391,7.841553407,2.008374435,-5.589728101,73.7788748,120.6066137,165.7286233
0.392,7.835958909,1.990829378,-5.601483908,73.1806408,122.7983698,164.4704656
0.393,7.830401936,1.973260142,-5.613128207,72.57131977,124.9725669,163.1892468
0.394,7.824882873,1.955667043,-5.624661059,71.95096323,127.1289176,161.8851853
0.395,7.819402098,1.938050396,-5.636082527,71.31962481,129.2671379,160.558501
0.396,7.813959986,1.920410511,-5.647392673,70.67736021,131.3869466,159.2094162
0.397,7.808556909,1.902747698,-5.658591565,70.0242272,133.488066,157.8381548
0.398,7.803193236,1.885062265,-5.669679266,69.36028561,135.5702214,156.4449428
0.399,7.797869332,1.867354517,-5.680655845,68.68559731,137.6331412,155.0300077
0.4,7.792585558,1.849624756,-5.691521369,68.00022618,139.6765572,153.5935791
0.401,7.787342272,1.831873283,-5.702275907,67.30423815,141.7002043,152.1358882
0.402,7.782139828,1.814100396,-5.712919529,66.59770112,143.7038205,150.6571679
0.403,7.776978578,1.79630639,-5.723452305,65.88068499,145.6871473,149.1576529
0.404,7.77185887,1.77849156,-5.733874307,65.15326163,147.6499292,147.6375794
0.405,7.766781045,1.760656198,-5.744185607,64.41550487,149.5919139,146.0971852
0.406,7.761745446,1.742800591,-5.754386278,63.66749049,151.5128526,144.5367095
0.407,7.756752409,1.724925028,-5.764476393,62.90929616,153.4124994,142.9563934
0.408,7.751802267,1.707029793,-5.774456027,62.14100152,155.290612,141.3564791
0.409,7.74689535,1.689115169,-5.784325255,61.36268804,157.1469511,139.7372103
0.41,7.742031984,1.671181436,-5.79408415,60.57443911,158.9812808,138.0988322
0.411,7.737212491,1.653228873,-5.80373279,59.77633997,160.7933684,136.4415914
0.412,7.732437191,1.635257757,-5.81327125,58.96847769,162.5829846,134.7657357
0.413,7.727706399,1.61726836,-5.822699608,58.15094118,164.3499031,133.0715143
0.414,7.723020427,1.599260957,-5.832017939,57.32382115,166.0939013,131.3591774
0.415,7.718379582,1.581235815,-5.841226321,56.4872101,167.8147594,129.6289768
0.416,7.713784171,1.563193204,-5.850324832,55.6412023,169.5122612,127.8811652
0.417,7.709234494,1.545133389,-5.859313549,54.78589378,171.1861938,126.1159965
0.418,7.704730849,1.527056634,-5.868192551,53.92138229,172.8363475,124.333726
0.419,7.700273529,1.5089632,-5.876961916,53.0477673,174.4625158,122.5346096
0.42,7.695862826,1.490853349,-5.885621722,52.16514996,176.0644956,120.7189047
0.421,7.691499025,1.472727336,-5.894172046,51.27363312,177.6420871,118.8868696
0.422,7.687182411,1.454585419,-5.902612969,50.37332127,179.1950938,117.0387634
0.423,7.682913263,1.43642785,-5.910944568,49.46432053,180.7233225,115.1748464
0.424,7.678691857,1.418254883,-5.919166921,48.54673863,182.2265831,113.2953798
0.425,7.674518466,1.400066766,-5.927280107,47.6206849,183.7046892,111.4006257
0.426,7.670393359,1.381863749,-5.935284204,46.68627025,185.1574573,109.490847
0.427,7.6663168,1.363646076,-5.943179291,45.74360711,186.5847073,107.5663075
0.428,7.662289052,1.345413994,-5.950965445,44.79280947,187.9862625,105.6272719
0.429,7.658310373,1.327167743,-5.958642743,43.8339928,189.3619495,103.6740056
0.43,7.654381018,1.308907565,-5.966211264,42.86727408,190.7115981,101.7067749
0.431,7.650501237,1.290633699,-5.973671085,41.89277173,192.0350413,99.72584665
0.432,7.646671279,1.272346381,-5.981022282,40.91060562,193.3321155,97.73148868
0.433,7.642891386,1.254045848,-5.988264932,39.92089703,194.6026606,95.72396933
0.434,7.639161799,1.235732332,-5.995399111,38.92376865,195.8465193,93.70355767
0.435,7.635482756,1.217406066,-6.002424896,37.91934452,197.0635379,91.67052344
0.436,7.631854488,1.199067279,-6.009342361,36.90775005,198.253566,89.62513697
0.437,7.628277226,1.180716201,-6.016151581,35.88911195,199.4164564,87.56766924
0.438,7.624751195,1.162353057,-6.022852631,34.86355825,200.5520652,85.49839178
0.439,7.621276618,1.143978073,-6.029445585,33.83121826,201.6602516,83.4175767
0.44,7.617853714,1.125591473,-6.035930516,32.79222253,202.7408783,81.32549664
0.441,7.614482697,1.107193478,-6.042307496,31.74670284,203.7938112,79.22242475
0.442,7.61116378,1.08878431,-6.048576598,30.69479219,204.8189194,77.10863472
0.443,7.607897171,1.070364185,-6.054737893,29.63662475,205.8160753,74.98440066
0.444,7.604683073,1.051933323,-6.060791453,28.57233585,206.7851546,72.84999718
0.445,7.601521689,1.033491938,-6.066737346,27.50206194,207.7260361,70.70569932
0.446,7.598413214,1.015040246,-6.072575643,26.4259406,208.638602,68.55178253
0.447,7.595357844,0.996578458,-6.078306411,25.34411048,209.5227377,66.38852267
0.448,7.592355768,0.978106786,-6.08392972,24.25671128,210.3783319,64.21619598
0.449,7.589407173,0.959625441,-6.089445636,23.16388374,211.2052764,62.03507908
0.45,7.586512241,0.94113463,-6.094854224,22.06576962,212.0034663,59.84544891
0.451,7.583671154,0.922634561,-6.100155551,20.96251162,212.7728,57.64758278
0.452,7.580884085,0.904125439,-6.105349681,19.85425345,213.513179,55.44175828
0.453,7.578151208,0.88560747,-6.110436678,18.7411397,214.2245082,53.22825332
0.454,7.575472692,0.867080856,-6.115416603,17.6233159,214.9066955,51.00734609
0.455,7.572848702,0.8485458,-6.120289519,16.50092845,215.5596521,48.77931504
0.456,7.5702794,0.830002502,-6.125055487,15.37412458,216.1832926,46.54443889
0.457,7.567764943,0.811451161,-6.129714565,14.24305238,216.7775344,44.30299658
0.458,7.565305487,0.792891976,-6.134266813,13.10786072,217.3422986,42.05526729
0.459,7.562901182,0.774325145,-6.138712289,11.96869924,217.8775091,39.80153039
0.46,7.560552176,0.755750862,-6.143051049,10.82571834,218.3830932,37.54206547
0.461,7.558258613,0.737169323,-6.147283148,9.679069133,218.8589814,35.27715229
0.462,7.556020634,0.718580722,-6.151408641,8.52890343,219.3051072,33.00707077
0.463,7.553838375,0.699985251,-6.155427582,7.375373709,219.7214074,30.73210101
0.464,7.551711969,0.681383101,-6.159340022,6.218633088,220.1078222,28.45252323
0.465,7.549641547,0.662774464,-6.163146012,5.058835299,220.4642945,26.1686178
0.466,7.547627235,0.64415953,-6.166845603,3.896134663,220.7907709,23.88066519
0.467,7.545669155,0.625538486,-6.170438842,2.730686059,221.0872009,21.588946
0.468,7.543767427,0.60691152,-6.173925778,1.562644903,221.353537,19.29374091
0.469,7.541922166,0.58827882,-6.177306456,0.392167114,221.5897353,16.99533069
0.47,7.540133485,0.56964057,-6.180580922,-0.780590907,221.7957546,14.69399619
0.471,7.538401492,0.550996957,-6.18374922,-1.955472309,221.9715572,12.3900183
0.472,7.536726293,0.532348164,-6.186811391,-3.132319813,222.1171085,10.083678
0.473,7.535107988,0.513694375,-6.189767477,-4.310975745,222.2323769,7.775256275
0.474,7.533546676,0.495035772,-6.192617518,-5.491282059,222.317334,5.465034158
0.475,7.532042452,0.476372537,-6.195361552,-6.673080365,222.3719547,3.153292701
0.476,7.530595406,0.457704851,-6.197999617,-7.856211958,222.3962169,0.840312967
0.477,7.529205626,0.439032895,-6.200531749,-9.040517844,222.3901016,-1.473623981
0.478,7.527873196,0.420356848,-6.202957982,-10.22583877,222.3535931,-3.788237087
0.479,7.526598196,0.40167689,-6.205278349,-11.41201524,222.2866788,-6.103245315
0.48,7.525380704,0.382993198,-6.207492883,-12.59888757,222.189349,-8.418367654
0.481,7.524220792,0.364305951,-6.209601614,-13.78629587,222.0615975,-10.73332313
0.482,7.523118532,0.345615326,-6.21160457,-14.97408014,221.9034209,-13.04783082
0.483,7.522073988,0.3269215,-6.21350178,-16.1620802,221.7148192,-15.36160985
0.484,7.521087225,0.308224649,-6.21529327,-17.35013582,221.4957954,-17.6743794
0.485,7.520158301,0.289524948,-6.216979065,-18.53808669,221.2463555,-19.98585875
0.486,7.519287272,0.270822574,-6.218559188,-19.72577245,220.9665089,-22.29576724
0.487,7.518474192,0.2521177,-6.220033661,-20.91303272,220.6562679,-24.6038243
0.488,7.517719107,0.233410502,-6.221402505,-22.09970716,220.3156481,-26.90974947
0.489,7.517022065,0.214701153,-6.222665739,-23.28563545,219.9446679,-29.21326239
0.49,7.516383107,0.195989827,-6.223823381,-24.47065733,219.5433491,-31.51408282
0.491,7.515802272,0.177276698,-6.224875446,-25.65461267,219.1117167,-33.81193064
0.492,7.515279593,0.158561938,-6.225821951,-26.83734144,218.6497985,-36.10652586
0.493,7.514815103,0.139845721,-6.226662907,-28.01868375,218.1576256,-38.39758864
0.494,7.51440883,0.121128219,-6.227398326,-29.19847993,217.6352322,-40.68483929
0.495,7.514060797,0.102409605,-6.22802822,-30.37657047,217.0826555,-42.96799827
0.496,7.513771026,0.083690051,-6.228552597,-31.55279612,216.4999361,-45.24678622
0.497,7.513539534,0.064969728,-6.228971464,-32.72699789,215.8871174,-47.52092395
0.498,7.513366335,0.046248809,-6.229284828,-33.89901707,215.244246,-49.79013245
0.499,7.51325144,0.027527466,-6.229492692,-35.06869528,214.5713718,-52.05413291
0.5,7.513194855,0.008805871,-6.22959506,-36.23587445,213.8685474,-54.31264671
0.501,7.513196584,-0.009915806,-6.229591932,-37.40039693,213.1358289,-56.56539546
0.502,7.513256626,-0.028637391,-6.22948331,-38.56210542,212.3732755,-58.81210097
0.503,7.513374978,-0.047358714,-6.229269192,-39.72084308,211.5809491,-61.05248531
0.504,7.513551633,-0.066079602,-6.228949573,-40.8764535,210.7589152,-63.28627074
0.505,7.51378658,-0.084799884,-6.228524451,-42.02878077,209.9072421,-65.51317981
0.506,7.514079806,-0.103519388,-6.227993819,-43.17766945,209.0260014,-67.7329353
0.507,7.514431292,-0.122237941,-6.227357669,-44.32296468,208.1152676,-69.94526028
0.508,7.514841018,-0.140955371,-6.226615993,-45.46451212,207.1751186,-72.14987807
0.509,7.515308958,-0.159671507,-6.225768779,-46.60215804,206.2056351,-74.34651229
0.51,7.515835086,-0.178386174,-6.224816017,-47.73574933,205.2069012,-76.53488686
0.511,7.516419368,-0.197099201,-6.223757693,-48.86513348,204.1790039,-78.71472599
0.512,7.517061771,-0.215810415,-6.222593792,-49.9901587,203.1220334,-80.88575421
0.513,7.517762255,-0.234519641,-6.221324297,-51.11067387,202.036083,-83.0476964
0.514,7.518520779,-0.253226706,-6.219949191,-52.22652857,200.9212492,-85.20027773
0.515,7.519337297,-0.271931437,-6.218468455,-53.33757316,199.7776315,-87.34322376
0.516,7.520211759,-0.290633658,-6.216882068,-54.44365875,198.6053325,-89.4762604
0.517,7.521144114,-0.309333194,-6.215190007,-55.54463728,197.4044582,-91.5991139
0.518,7.522134305,-0.328029871,-6.21339225,-56.64036148,196.1751174,-93.71151094
0.519,7.523182272,-0.346723512,-6.211488772,-57.73068494,194.9174222,-95.81317854
0.52,7.524287952,-0.365413942,-6.209479545,-58.81546215,193.6314877,-97.90384418
0.521,7.525451279,-0.384100983,-6.207364543,-59.89454849,192.3174323,-99.98323571
0.522,7.526672183,-0.402784458,-6.205143735,-60.96780025,190.9753773,-102.0510814
0.523,7.52795059,-0.42146419,-6.202817092,-62.03507472,189.6054474,-104.1071101
0.524,7.529286422,-0.440139999,-6.200384582,-63.09623012,188.2077702,-106.1510509
0.525,7.530679599,-0.458811707,-6.197846171,-64.15112572,186.7824767,-108.1826336
0.526,7.532130038,-0.477479134,-6.195201824,-65.1996218,185.3297007,-110.2015881
0.527,7.533637649,-0.496142099,-6.192451506,-66.24157969,183.8495794,-112.2076453
0.528,7.535202343,-0.514800422,-6.189595179,-67.27686182,182.342253,-114.2005363
0.529,7.536824023,-0.53345392,-6.186632805,-68.30533173,180.8078651,-116.1799927
0.53,7.538502593,-0.552102411,-6.183564343,-69.32685408,179.246562,-118.1457468
0.531,7.540237949,-0.570745712,-6.180389753,-70.34129468,177.6584935,-120.0975314
0.532,7.542029988,-0.589383637,-6.177108991,-71.34852054,176.0438125,-122.0350798
0.533,7.5438786,-0.608016003,-6.173722015,-72.34839986,174.402675,-123.958126
0.534,7.545783672,-0.626642623,-6.170228778,-73.3408021,172.7352401,-125.8664044
0.535,7.547745089,-0.64526331,-6.166629234,-74.32559793,171.0416701,-127.7596504
0.536,7.549762731,-0.663877876,-6.162923337,-75.30265935,169.3221305,-129.6375996
0.537,7.551836476,-0.682486134,-6.159111037,-76.27185961,167.5767899,-131.4999886
0.538,7.553966196,-0.701087893,-6.155192285,-77.23307333,165.8058201,-133.3465545
0.539,7.556151762,-0.719682962,-6.151167029,-78.18617646,164.0093961,-135.1770351
0.54,7.558393041,-0.73827115,-6.147035217,-79.13104633,162.187696,-136.991169
0.541,7.560689895,-0.756852264,-6.142796795,-80.06756166,160.3409011,-138.7886954
0.542,7.563042183,-0.77542611,-6.13845171,-80.9956026,158.4691957,-140.5693543
0.543,7.565449762,-0.793992494,-6.133999906,-81.91505074,156.5727677,-142.3328866
0.544,7.567912483,-0.812551219,-6.129441326,-82.82578913,154.6518076,-144.0790338
0.545,7.570430196,-0.831102089,-6.124775912,-83.72770231,152.7065096,-145.8075383
0.546,7.573002745,-0.849644904,-6.120003606,-84.62067635,150.7370707,-147.5181433
0.547,7.575629972,-0.868179465,-6.115124347,-85.50459883,148.7436913,-149.2105929
0.548,7.578311716,-0.886705572,-6.110138076,-86.37935889,146.7265749,-150.884632
0.549,7.58104781,-0.905223022,-6.10504473,-87.24484726,144.6859281,-152.5400066
0.55,7.583838086,-0.923731613,-6.099844246,-88.10095625,142.6219607,-154.1764634
0.551,7.586682371,-0.942231139,-6.094536562,-88.9475798,140.5348859,-155.79375
0.552,7.589580489,-0.960721394,-6.089121612,-89.7846135,138.4249198,-157.3916152
0.553,7.59253226,-0.979202172,-6.083599331,-90.61195459,136.2922817,-158.9698087
0.554,7.595537501,-0.997673264,-6.077969654,-91.42950199,134.1371943,-160.5280811
0.555,7.598596025,-1.016134459,-6.072232512,-92.23715634,131.9598834,-162.0661843
0.556,7.601707641,-1.034585547,-6.066387838,-93.03482,129.7605777,-163.583871
0.557,7.604872157,-1.053026313,-6.060435563,-93.82239705,127.5395095,-165.0808951
0.558,7.608089373,-1.071456545,-6.054375619,-94.59979338,125.296914,-166.5570117
0.559,7.61135909,-1.089876026,-6.048207934,-95.36691661,123.0330296,-168.011977
0.56,7.614681101,-1.108284538,-6.041932438,-96.12367621,120.7480981,-169.4455483
0.561,7.6180552,-1.126681864,-6.03554906,-96.86998345,118.4423641,-170.8574843
0.562,7.621481174,-1.145067781,-6.029057727,-97.60575143,116.1160757,-172.2475447
0.563,7.624958807,-1.163442069,-6.022458367,-98.33089514,113.7694841,-173.6154906
0.564,7.628487881,-1.181804504,-6.015750906,-99.04533142,111.4028436,-174.9610844
0.565,7.632068174,-1.20015486,-6.00893527,-99.74897903,109.0164116,-176.2840899
0.566,7.635699458,-1.218492911,-6.002011386,-100.4417586,106.6104488,-177.5842721
0.567,7.639381505,-1.236818428,-5.994979177,-101.1235928,104.1852191,-178.8613974
0.568,7.643114081,-1.255131181,-5.987838569,-101.7944061,101.7409894,-180.1152338
0.569,7.646896948,-1.273430937,-5.980589485,-102.454125,99.27802983,-181.3455506
0.57,7.650729868,-1.291717464,-5.97323185,-103.102678,96.7966137,-182.5521186
0.571,7.654612594,-1.309990525,-5.965765588,-103.7399956,94.29701743,-183.7347102
0.572,7.658544881,-1.328249884,-5.95819062,-104.3660103,91.7795206,-184.8930993
0.573,7.662526476,-1.346495301,-5.95050687,-104.9806567,89.24440592,-186.0270613
0.574,7.666557125,-1.364726536,-5.94271426,-105.5838712,86.69195923,-187.1363736
0.575,7.670636569,-1.382943347,-5.934812713,-106.1755927,84.12246951,-188.2208147
0.576,7.674764547,-1.401145488,-5.92680215,-106.7557616,81.53622884,-189.2801653
0.577,7.678940792,-1.419332713,-5.918682494,-107.324321,78.93353243,-190.3142076
0.578,7.683165036,-1.437504775,-5.910453666,-107.8812156,76.31467859,-191.3227256
0.579,7.687437006,-1.455661422,-5.902115589,-108.4263926,73.67996874,-192.3055051
0.58,7.691756425,-1.473802404,-5.893668182,-108.9598009,71.02970737,-193.2623338
0.581,7.696123014,-1.491927465,-5.885111369,-109.4813921,68.36420208,-194.1930012
0.582,7.700536489,-1.510036351,-5.87644507,-109.9911195,65.68376352,-195.0972989
0.583,7.704996564,-1.528128803,-5.867669208,-110.4889387,62.98870542,-195.9750204
0.584,7.709502946,-1.546204561,-5.858783703,-110.9748075,60.27934457,-196.8259611
0.585,7.714055343,-1.564263363,-5.849788479,-111.4486861,57.55600079,-197.6499185
0.586,7.718653456,-1.582304946,-5.840683456,-111.9105364,54.81899695,-198.4466923
0.587,7.723296984,-1.600329043,-5.831468557,-112.3603231,52.06865894,-199.2160843
0.588,7.727985623,-1.618335387,-5.822143705,-112.7980127,49.30531565,-199.9578983
0.589,7.732719062,-1.636323707,-5.812708823,-113.2235741,46.52929898,-200.6719407
0.59,7.737496991,-1.654293732,-5.803163833,-113.6369784,43.74094381,-201.3580197
0.591,7.742319094,-1.672245186,-5.793508658,-114.038199,40.940588,-202.0159462
0.592,7.747185051,-1.690177793,-5.783743224,-114.4272115,38.12857238,-202.6455332
0.593,7.75209454,-1.708091276,-5.773867453,-114.803994,35.30524068,-203.2465963
0.594,7.757047234,-1.725985352,-5.763881271,-115.1685264,32.47093961,-203.8189534
0.595,7.762042804,-1.74385974,-5.753784603,-115.5207914,29.62601876,-204.3624249
0.596,7.767080916,-1.761714155,-5.743577375,-115.8607737,26.77083063,-204.8768338
0.597,7.772161233,-1.779548309,-5.733259514,-116.1884604,23.9057306,-205.3620057
0.598,7.777283414,-1.797361912,-5.722830947,-116.5038408,21.03107688,-205.8177688
0.599,7.782447116,-1.815154674,-5.712291601,-116.8069067,18.14723057,-206.2439539
0.6,7.78765199,-1.8329263,-5.701641405,-117.097652,15.25455555,-206.6403947
0.601,7.792897687,-1.850676494,-5.690880289,-117.3760731,12.35341854,-207.0069275
0.602,7.79818385,-1.868404958,-5.680008183,-117.6421686,9.444189002,-207.3433916
0.603,7.803510122,-1.886111392,-5.669025018,-117.8959396,6.527239188,-207.6496289
0.604,7.808876142,-1.903795492,-5.657930727,-118.1373893,3.602944074,-207.9254846
0.605,7.814281543,-1.921456954,-5.646725241,-118.3665234,0.671681353,-208.1708066
0.606,7.819725958,-1.93909547,-5.635408497,-118.5833499,-2.266168591,-208.3854459
0.607,7.825209013,-1.95671073,-5.623980427,-118.7878792,-5.210222707,-208.5692566
0.608,7.830730335,-1.974302423,-5.61244097,-118.9801239,-8.160095306,-208.722096
0.609,7.836289542,-1.991870235,-5.600790062,-119.160099,-11.11539808,-208.8438244
0.61,7.841886253,-2.009413847,-5.589027642,-119.327822,-14.07574014,-208.9343054
0.611,7.847520082,-2.026932943,-5.57715365,-119.4833125,-17.04072804,-208.9934059
0.612,7.85319064,-2.0444272,-5.565168027,-119.6265925,-20.00996578,-209.0209963
0.613,7.858897532,-2.061896295,-5.553070716,-119.7576866,-22.98305489,-209.0169501
0.614,7.864640363,-2.079339902,-5.540861661,-119.8766214,-25.95959441,-208.9811443
0.615,7.870418733,-2.096757693,-5.528540807,-119.983426,-28.93918095,-208.9134597
0.616,7.876232238,-2.114149336,-5.516108102,-120.0781318,-31.9214087,-208.8137803
0.617,7.882080473,-2.1315145,-5.503563494,-120.1607726,-34.90586949,-208.6819937
0.618,7.887963026,-2.148852849,-5.490906933,-120.2313844,-37.8921528,-208.5179915
0.619,7.893879485,-2.166164044,-5.47813837,-120.2900056,-40.87984581,-208.3216686
0.62,7.899829433,-2.183447746,-5.46525776,-120.336677,-43.86853342,-208.0929239
0.621,7.90581245,-2.200703613,-5.452265058,-120.3714415,-46.85779832,-207.8316602
0.622,7.911828111,-2.217931299,-5.439160221,-120.3943446,-49.84722097,-207.5377838
0.623,7.91787599,-2.235130457,-5.425943208,-120.4054337,-52.83637971,-207.2112053
0.624,7.923955658,-2.252300738,-5.41261398,-120.404759,-55.82485075,-206.8518391
0.625,7.93006668,-2.26944179,-5.3991725,-120.3923725,-58.8122082,-206.4596038
0.626,7.936208619,-2.286553258,-5.385618732,-120.3683288,-61.79802417,-206.0344218
0.627,7.942381037,-2.303634786,-5.371952643,-120.3326846,-64.78186876,-205.5762198
0.628,7.948583488,-2.320686014,-5.358174204,-120.2854989,-67.76331013,-205.0849289
0.629,7.954815527,-2.337706581,-5.344283384,-120.2268331,-70.74191453,-204.5604842
0.63,7.961076704,-2.354696123,-5.330280158,-120.1567505,-73.71724635,-204.0028251
0.631,7.967366566,-2.371654274,-5.316164502,-120.075317,-76.68886817,-203.4118954
0.632,7.973684656,-2.388580664,-5.301936393,-119.9826004,-79.65634081,-202.7876436
0.633,7.980030515,-2.405474925,-5.287595812,-119.8786709,-82.61922337,-202.1300221
0.634,7.98640368,-2.42233668,-5.273142743,-119.7636009,-85.5770733,-201.4389885
0.635,7.992803686,-2.439165556,-5.25857717,-119.6374648,-88.52944641,-200.7145043
0.636,7.999230064,-2.455961174,-5.243899082,-119.5003392,-91.47589697,-199.9565363
0.637,8.005682341,-2.472723153,-5.22910847,-119.3523031,-94.41597773,-199.1650554
0.638,8.012160042,-2.489451111,-5.214205326,-119.1934372,-97.34923998,-198.3400376
0.639,8.01866269,-2.506144662,-5.199189648,-119.0238248,-100.2752336,-197.4814636
0.64,8.025189803,-2.52280342,-5.184061433,-118.8435508,-103.1935072,-196.589319
0.641,8.031740896,-2.539426994,-5.168820685,-118.6527026,-106.103608,-195.6635941
0.642,8.038315483,-2.556014992,-5.153467406,-118.4513693,-109.005082,-194.7042845
0.643,8.044913072,-2.572567019,-5.138001605,-118.2396423,-111.8974741,-193.7113905
0.644,8.051533171,-2.58908268,-5.122423293,-118.017615,-114.7803281,-192.6849175
0.645,8.058175284,-2.605561575,-5.106732483,-117.7853826,-117.6531867,-191.6248762
0.646,8.06483891,-2.622003302,-5.090929191,-117.5430425,-120.5155916,-190.5312823
0.647,8.071523549,-2.638407459,-5.075013439,-117.290694,-123.3670836,-189.4041567
0.648,8.078228695,-2.654773639,-5.058985248,-117.0284383,-126.2072026,-188.2435257
0.649,8.08495384,-2.671101434,-5.042844645,-116.7563784,-129.0354879,-187.0494206
0.65,8.091698474,-2.687390435,-5.02659166,-116.4746194,-131.8514779,-185.8218785
0.651,8.098462082,-2.703640228,-5.010226327,-116.1832682,-134.6547103,-184.5609417
0.652,8.10524415,-2.719850399,-4.993748681,-115.8824335,-137.4447224,-183.2666577
0.653,8.112044158,-2.73602053,-4.977158764,-115.5722258,-140.2210508,-181.9390799
0.654,8.118861585,-2.752150204,-4.960456617,-115.2527575,-142.9832318,-180.5782671
0.655,8.125695905,-2.768238998,-4.94364229,-114.9241426,-145.7308013,-179.1842836
0.656,8.132546592,-2.784286489,-4.926715833,-114.586497,-148.4632949,-177.7571995
0.657,8.139413116,-2.800292253,-4.9096773,-114.2399382,-151.1802479,-176.2970904
0.658,8.146294945,-2.81625586,-4.89252675,-113.8845854,-153.8811955,-174.8040378
0.659,8.153191545,-2.832176882,-4.875264245,-113.5205595,-156.5656729,-173.2781289
0.66,8.160102376,-2.848054886,-4.857889851,-113.147983,-159.2332152,-171.7194567
0.661,8.167026901,-2.86388944,-4.84040364,-112.7669799,-161.8833577,-170.1281201
0.662,8.173964576,-2.879680106,-4.822805684,-112.3776759,-164.5156358,-168.5042238
0.663,8.180914857,-2.895426448,-4.805096062,-111.9801982,-167.1295852,-166.8478786
0.664,8.187877196,-2.911128025,-4.787274856,-111.5746754,-169.7247418,-165.159201
0.665,8.194851043,-2.926784395,-4.769342153,-111.1612376,-172.3006421,-163.4383138
0.666,8.201835847,-2.942395115,-4.751298044,-110.7400165,-174.856823,-161.6853456
0.667,8.208831054,-2.957959739,-4.733142623,-110.311145,-177.392822,-159.9004313
0.668,8.215836107,-2.97347782,-4.71487599,-109.8747573,-179.9081773,-158.0837118
0.669,8.222850447,-2.988948908,-4.696498248,-109.4309892,-182.4024278,-156.2353342
0.67,8.229873513,-3.004372552,-4.678009507,-108.9799776,-184.8751133,-154.3554516
0.671,8.236904742,-3.019748298,-4.659409878,-108.5218607,-187.3257745,-152.4442236
0.672,8.243943569,-3.035075692,-4.640699478,-108.0567779,-189.7539531,-150.5018158
0.673,8.250989427,-3.050354277,-4.62187843,-107.5848698,-192.159192,-148.5284002
0.674,8.258041746,-3.065583595,-4.60294686,-107.1062782,-194.5410354,-146.5241549
0.675,8.265099954,-3.080763185,-4.583904898,-106.6211458,-196.8990285,-144.4892647
0.676,8.27216348,-3.095892586,-4.564752682,-106.1296166,-199.2327182,-142.4239205
0.677,8.279231746,-3.110971335,-4.545490352,-105.6318356,-201.5416527,-140.3283194
0.678,8.286304177,-3.125998966,-4.526118053,-105.1279486,-203.8253819,-138.2026652
0.679,8.293380193,-3.140975012,-4.506635935,-104.6181026,-206.0834574,-136.047168
0.68,8.300459214,-3.155899005,-4.487044155,-104.1024453,-208.3154324,-133.8620442
0.681,8.307540657,-3.170770477,-4.467342873,-103.5811253,-210.5208622,-131.647517
0.682,8.314623938,-3.185588954,-4.447532254,-103.0542921,-212.6993039,-129.4038156
0.683,8.321708471,-3.200353965,-4.42761247,-102.522096,-214.8503169,-127.1311759
0.684,8.328793669,-3.215065036,-4.407583695,-101.9846879,-216.9734626,-124.8298405
0.685,8.335878943,-3.229721691,-4.387446111,-101.4422195,-219.0683046,-122.500058
0.686,8.342963702,-3.244323453,-4.367199904,-100.8948431,-221.1344092,-120.1420841
0.687,8.350047354,-3.258869843,-4.346845267,-100.3427117,-223.171345,-117.7561805
0.688,8.357129307,-3.273360384,-4.326382395,-99.78597857,-225.178683,-115.3426157
0.689,8.364208965,-3.287794593,-4.305811491,-99.22479788,-227.1559972,-112.9016647
0.69,8.371285732,-3.302171988,-4.285132763,-98.65932403,-229.1028643,-110.433609
0.691,8.378359011,-3.316492088,-4.264346425,-98.08971191,-231.0188638,-107.9387365
0.692,8.385428203,-3.330754407,-4.243452695,-97.51611678,-232.9035784,-105.4173419
0.693,8.392492709,-3.34495846,-4.222451798,-96.93869422,-234.7565937,-102.8697263
0.694,8.399551929,-3.359103761,-4.201343963,-96.3576001,-236.5774987,-100.2961972
0.695,8.406605259,-3.373189823,-4.180129428,-95.77299051,-238.3658856,-97.6970687
0.696,8.413652097,-3.387216157,-4.158808432,-95.18502176,-240.12135,-95.07266153
0.697,8.420691841,-3.401182274,-4.137381224,-94.59385025,-241.8434913,-92.42330276
0.698,8.427723883,-3.415087683,-4.115848056,-93.99963252,-243.5319122,-89.749326
0.699,8.434747621,-3.428931895,-4.094209187,-93.40252512,-245.1862195,-87.05107132
0.7,8.441762446,-3.442714416,-4.072464882,-92.80268459,-246.8060236,-84.32888524
0.701,8.448767752,-3.456434755,-4.050615412,-92.20026744,-248.3909389,-81.58312073
0.702,8.455762931,-3.470092419,-4.028661054,-91.59543004,-249.9405842,-78.81413716
0.703,8.462747375,-3.483686913,-4.006602089,-90.98832864,-251.454582,-76.02230028
0.704,8.469720475,-3.497217743,-3.984438807,-90.37911926,-252.9325596,-73.20798223
0.705,8.476681622,-3.510684414,-3.962171503,-89.76795767,-254.3741483,-70.37156147
0.706,8.483630206,-3.524086431,-3.939800478,-89.15499934,-255.7789841,-67.51342277
0.707,8.490565616,-3.537423297,-3.917326038,-88.54039936,-257.1467078,-64.63395719
0.708,8.497487242,-3.550694516,-3.894748496,-87.92431246,-258.4769646,-61.73356202
0.709,8.504394474,-3.563899592,-3.872068173,-87.30689287,-259.7694049,-58.81264078
0.71,8.511286701,-3.577038027,-3.849285394,-86.68829432,-261.0236837,-55.87160313
0.711,8.518163311,-3.590109323,-3.82640049,-86.06867001,-262.2394615,-52.91086488
0.712,8.525023693,-3.603112984,-3.803413801,-85.4481725,-263.4164035,-49.93084794
0.713,8.531867237,-3.616048512,-3.780325671,-84.8269537,-264.5541806,-46.93198024
0.714,8.538693331,-3.628915408,-3.757136451,-84.20516481,-265.652469,-43.91469571
0.715,8.545501364,-3.641713174,-3.733846498,-83.58295627,-266.7109501,-40.87943425
0.716,8.552290725,-3.654441314,-3.710456176,-82.9604777,-267.7293114,-37.82664163
0.717,8.559060804,-3.667099328,-3.686965855,-82.33787786,-268.7072458,-34.75676947
0.718,8.565810992,-3.67968672,-3.663375913,-81.7153046,-269.6444521,-31.67027519
0.719,8.572540677,-3.692202991,-3.639686733,-81.0929048,-270.5406352,-28.56762192
0.72,8.579249251,-3.704647644,-3.615898704,-80.47082434,-271.3955057,-25.44927847
0.721,8.585936105,-3.717020182,-3.592012223,-79.849208,-272.2087807,-22.31571924
0.722,8.59260063,-3.729320109,-3.568027693,-79.22819948,-272.9801833,-19.16742419
0.723,8.59924222,-3.741546927,-3.543945523,-78.60794129,-273.7094432,-16.00487873
0.724,8.605860267,-3.75370014,-3.51976613,-77.98857475,-274.3962963,-12.82857367
0.725,8.612454164,-3.765779254,-3.495489937,-77.37023987,-275.0404854,-9.639005169
0.726,8.619023308,-3.777783773,-3.471117372,-76.75307539,-275.6417596,-6.436674622
0.727,8.625567094,-3.789713202,-3.446648874,-76.13721867,-276.199875,-3.222088605
0.728,8.632084918,-3.801567049,-3.422084883,-75.52280564,-276.7145946,0.004241211
0.729,8.638576179,-3.81334482,-3.39742585,-74.90997079,-277.1856882,3.241798138
0.73,8.645040274,-3.825046023,-3.372672232,-74.29884708,-277.6129328,6.49006056
0.731,8.651476605,-3.836670166,-3.34782449,-73.68956594,-277.9961125,9.748502016
0.732,8.657884573,-3.84821676,-3.322883096,-73.08225716,-278.3350187,13.01659129
0.733,8.664263581,-3.859685314,-3.297848525,-72.4770489,-278.6294503,16.2937925
0.734,8.670613033,-3.87107534,-3.272721262,-71.87406761,-278.8792133,19.57956521
0.735,8.676932334,-3.882386351,-3.247501795,-71.273438,-279.0841216,22.87336448
0.736,8.683220892,-3.893617861,-3.222190623,-70.67528297,-279.2439965,26.17464102
0.737,8.689478116,-3.904769384,-3.196788249,-70.0797236,-279.3586673,29.48284125
0.738,8.695703417,-3.915840437,-3.171295182,-69.48687909,-279.4279707,32.79740742
0.739,8.701896206,-3.926830537,-3.145711942,-68.89686669,-279.4517518,36.11777772
0.74,8.7080559,-3.937739204,-3.12003905,-68.30980169,-279.4298633,39.44338637
0.741,8.714181912,-3.948565957,-3.09427704,-67.72579737,-279.3621662,42.77366373
0.742,8.720273663,-3.959310319,-3.068426448,-67.14496495,-279.2485295,46.10803645
0.743,8.726330572,-3.969971813,-3.042487818,-66.56741355,-279.0888307,49.44592753
0.744,8.732352062,-3.980549965,-3.016461703,-65.99325014,-278.8829552,52.78675646
0.745,8.738337557,-3.991044301,-2.99034866,-65.42257952,-278.6307972,56.12993933
0.746,8.744286485,-4.001454349,-2.964149254,-64.85550425,-278.3322591,59.47488899
0.747,8.750198275,-4.011779641,-2.937864057,-64.29212464,-277.9872522,62.8210151
0.748,8.756072359,-4.022019708,-2.911493647,-63.73253871,-277.5956959,66.16772433
0.749,8.761908172,-4.032174085,-2.88503861,-63.17684211,-277.1575188,69.51442042
0.75,8.76770515,-4.042242308,-2.858499537,-62.62512814,-276.672658,72.86050435
0.751,8.773462733,-4.052223916,-2.831877027,-62.07748768,-276.1410594,76.20537447
0.752,8.779180364,-4.06211845,-2.805171687,-61.53400916,-275.5626778,79.54842659
0.753,8.784857489,-4.071925451,-2.778384127,-60.99477851,-274.9374772,82.88905419
0.754,8.790493554,-4.081644465,-2.751514967,-60.45987918,-274.2654303,86.22664846
0.755,8.796088012,-4.09127504,-2.724564832,-59.92939203,-273.546519,89.56059853
0.756,8.801640317,-4.100816725,-2.697534356,-59.40339536,-272.7807344,92.89029154
0.757,8.807149926,-4.110269073,-2.670424176,-58.88196485,-271.9680767,96.21511282
0.758,8.812616299,-4.119631638,-2.643234938,-58.36517353,-271.1085553,99.53444601
0.759,8.818038902,-4.128903978,-2.615967295,-57.85309177,-270.2021889,102.8476732
0.76,8.8234172,-4.138085653,-2.588621905,-57.34578721,-269.2490056,106.1541752
0.761,8.828750665,-4.147176226,-2.561199434,-56.84332478,-268.2490428,109.4533314
0.762,8.834038771,-4.156175262,-2.533700553,-56.34576665,-267.2023474,112.7445203
0.763,8.839280995,-4.165082329,-2.506125941,-55.85317221,-266.1089755,116.0271192
0.764,8.84447682,-4.173897,-2.478476282,-55.36559803,-264.9689931,119.3005049
0.765,8.849625729,-4.182618849,-2.450752269,-54.88309786,-263.7824754,122.5640533
0.766,8.854727212,-4.191247452,-2.422954599,-54.4057226,-262.5495073,125.8171401
0.767,8.859780763,-4.199782391,-2.395083976,-53.93352026,-261.2701832,129.0591403
0.768,8.864785877,-4.208223249,-2.36714111,-53.46653597,-259.9446071,132.2894292
0.769,8.869742055,-4.216569613,-2.339126719,-53.00481193,-258.5728927,135.5073817
0.77,8.874648803,-4.224821074,-2.311041525,-52.54838744,-257.1551634,138.7123729
0.771,8.879505629,-4.232977224,-2.282886258,-52.09729881,-255.6915521,141.9037785
0.772,8.884312047,-4.241037661,-2.254661654,-51.65157942,-254.1822015,145.0809744
0.773,8.889067574,-4.249001985,-2.226368453,-51.21125965,-252.627264,148.2433371
0.774,8.893771733,-4.256869801,-2.198007405,-50.7763669,-251.0269017,151.3902442
0.775,8.898424049,-4.264640716,-2.169579263,-50.34692556,-249.3812864,154.5210738
0.776,8.903024053,-4.272314341,-2.141084787,-49.92295701,-247.6905995,157.6352056
0.777,8.907571282,-4.279890292,-2.112524743,-49.5044796,-245.9550323,160.7320203
0.778,8.912065275,-4.287368187,-2.083899904,-49.09150864,-244.1747857,163.8109001
0.779,8.916505577,-4.294747648,-2.055211046,-48.68405643,-242.3500703,166.8712289
0.78,8.920891738,-4.302028304,-2.026458954,-48.28213219,-240.4811065,169.9123924
0.781,8.925223313,-4.309209783,-1.997644417,-47.88574211,-238.5681242,172.9337781
0.782,8.929499861,-4.31629172,-1.968768231,-47.49488932,-236.6113632,175.9347757
0.783,8.933720947,-4.323273755,-1.939831195,-47.10957388,-234.6110728,178.9147774
0.784,8.93788614,-4.330155531,-1.910834118,-46.72979282,-232.5675119,181.8731775
0.785,8.941995015,-4.336936693,-1.881777811,-46.3555401,-230.4809492,184.8093732
0.786,8.946047152,-4.343616893,-1.852663092,-45.98680661,-228.3516627,187.7227644
0.787,8.950042136,-4.350195788,-1.823490784,-45.62358022,-226.1799402,190.612754
0.788,8.953979558,-4.356673036,-1.794261716,-45.26584574,-223.9660788,193.478748
0.789,8.957859014,-4.363048303,-1.764976721,-44.91358492,-221.7103853,196.3201557
0.79,8.961680105,-4.369321257,-1.735636639,-44.5667765,-219.4131757,199.13639
0.791,8.965442438,-4.375491571,-1.706242315,-44.22539618,-217.0747756,201.9268671
0.792,8.969145626,-4.381558924,-1.676794597,-43.88941665,-214.6955199,204.6910075
0.793,8.972789286,-4.387522998,-1.64729434,-43.5588076,-212.2757527,207.4282353
0.794,8.976373043,-4.39338348,-1.617742405,-43.23353572,-209.8158275,210.1379788
0.795,8.979896526,-4.399140063,-1.588139656,-42.91356471,-207.3161068,212.8196708
0.796,8.983359371,-4.404792444,-1.558486962,-42.59885532,-204.7769623,215.4727483
0.797,8.986761219,-4.410340324,-1.528785198,-42.28936535,-202.198775,218.0966532
0.798,8.990101718,-4.415783409,-1.499035243,-41.98504967,-199.5819345,220.6908319
0.799,8.99338052,-4.421121412,-1.46923798,-41.68586024,-196.9268397,223.2547362
0.8,8.996597285,-4.426354048,-1.439394299,-41.39174611,-194.2338981,225.7878225
0.801,8.999751678,-4.43148104,-1.409505091,-41.10265348,-191.5035262,228.2895529
0.802,9.002843371,-4.436502115,-1.379571255,-40.8185257,-188.7361491,230.7593948
0.803,9.005872042,-4.441417003,-1.349593692,-40.53930328,-185.9322006,233.1968211
0.804,9.008837375,-4.446225442,-1.319573308,-40.26492396,-183.0921229,235.6013107
0.805,9.011739061,-4.450927175,-1.289511013,-39.99532269,-180.2163668,237.9723482
0.806,9.014576795,-4.455521949,-1.259407722,-39.73043168,-177.3053915,240.3094244
0.807,9.017350282,-4.460009516,-1.229264353,-39.47018042,-174.3596644,242.6120364
0.808,9.02005923,-4.464389635,-1.199081828,-39.21449573,-171.3796612,244.8796873
0.809,9.022703357,-4.468662069,-1.168861074,-38.96330177,-168.3658654,247.1118873
0.81,9.025282384,-4.472826588,-1.13860302,-38.71652008,-165.3187689,249.3081528
0.811,9.027796041,-4.476882966,-1.108308601,-38.47406961,-162.2388711,251.4680073
0.812,9.030244065,-4.480830983,-1.077978754,-38.23586677,-159.1266795,253.5909811
0.813,9.032626197,-4.484670424,-1.047614419,-38.00182545,-155.982709,255.6766118
0.814,9.034942188,-4.488401082,-1.017216542,-37.77185707,-152.8074823,257.724444
0.815,9.037191793,-4.492022752,-0.986786069,-37.54587061,-149.6015292,259.7340301
0.816,9.039374775,-4.495535237,-0.956323953,-37.32377266,-146.3653872,261.7049295
0.817,9.041490905,-4.498938345,-0.925831146,-37.10546744,-143.0996007,263.6367098
0.818,9.043539959,-4.502231891,-0.895308607,-36.89085686,-139.8047215,265.528946
0.819,9.045521721,-4.505415693,-0.864757296,-36.67984056,-136.4813079,267.3812213
0.82,9.047435982,-4.508489578,-0.834178176,-36.47231597,-133.1299254,269.1931267
0.821,9.049282539,-4.511453377,-0.803572212,-36.26817832,-129.7511461,270.9642617
0.822,9.051061197,-4.514306927,-0.772940375,-36.06732072,-126.3455485,272.6942338
0.823,9.052771767,-4.51705007,-0.742283634,-35.86963417,-122.9137177,274.3826592
0.824,9.05441407,-4.519682657,-0.711602965,-35.67500766,-119.456245,276.0291624
0.825,9.05598793,-4.522204541,-0.680899342,-35.48332818,-115.9737279,277.6333768
0.826,9.057493181,-4.524615584,-0.650173747,-35.29448077,-112.4667699,279.1949445
0.827,9.058929664,-4.526915653,-0.619427158,-35.1083486,-108.9359801,280.7135164
0.828,9.060297226,-4.529104621,-0.588660559,-34.924813,-105.3819738,282.1887525
0.829,9.061595722,-4.531182366,-0.557874935,-34.74375352,-101.8053714,283.6203218
0.83,9.062825015,-4.533148773,-0.527071274,-34.56504798,-98.20679894,285.0079026
0.831,9.063984973,-4.535003734,-0.496250564,-34.38857251,-94.58688765,286.3511825
0.832,9.065075473,-4.536747146,-0.465413796,-34.21420166,-90.94627387,287.6498586
0.833,9.0660964,-4.538378912,-0.434561962,-34.0418084,-87.28559888,288.9036371
0.834,9.067047645,-4.539898941,-0.403696056,-33.87126418,-83.60550873,290.1122343
0.835,9.067929107,-4.54130715,-0.372817074,-33.70243902,-79.90665411,291.2753757
0.836,9.068740692,-4.542603459,-0.341926012,-33.53520157,-76.18969016,292.392797
0.837,9.069482314,-4.543787797,-0.311023868,-33.36941911,-72.4552763,293.4642434
0.838,9.070153893,-4.544860099,-0.280111641,-33.2049577,-68.7040761,294.4894702
0.839,9.070755359,-4.545820303,-0.249190331,-33.04168215,-64.93675709,295.4682424
0.84,9.071286648,-4.546668358,-0.218260939,-32.87945615,-61.1539906,296.4003356
0.841,9.071747702,-4.547404215,-0.187324467,-32.7181423,-57.35645155,297.2855349
0.842,9.072138472,-4.548027833,-0.156381917,-32.55760218,-53.54481837,298.123636
0.843,9.072458918,-4.548539179,-0.125434294,-32.39769639,-49.71977272,298.9144448
0.844,9.072709005,-4.548938223,-0.0944826,-32.23828466,-45.8819994,299.6577773
0.845,9.072888706,-4.549224943,-0.063527839,-32.07922587,-42.03218612,300.35346
0.846,9.072998002,-4.549399323,-0.032571017,-31.92037814,-38.17102338,301.0013299
0.847,9.073036882,-4.549461354,-0.001613138,-31.76159889,-34.29920423,301.6012343
0.848,9.073005341,-4.549411032,0.029344794,-31.60274488,-30.41742414,302.1530312
0.849,9.072903383,-4.54924836,0.060301773,-31.44367231,-26.52638081,302.6565887
0.85,9.072731018,-4.548973346,0.091256795,-31.28423688,-22.62677397,303.1117861
0.851,9.072488266,-4.548586007,0.122208856,-31.12429382,-18.71930526,303.5185127
0.852,9.072175151,-4.548086364,0.15315695,-30.96369801,-14.80467795,303.876669
0.853,9.071791707,-4.547474444,0.184100075,-30.802304,-10.88359688,304.1861656
0.854,9.071337975,-4.546750282,0.215037227,-30.63996609,-6.956768161,304.4469242
0.855,9.070814004,-4.545913918,0.245967404,-30.47653843,-3.024899094,304.6588772
0.856,9.070219848,-4.544965399,0.276889603,-30.31187502,0.911302076,304.8219673
0.857,9.069555572,-4.543904777,0.307802824,-30.14582984,4.851126315,304.9361484
0.858,9.068821246,-4.542732112,0.338706065,-29.97825688,8.793863987,305.0013849
0.859,9.068016949,-4.541447468,0.369598329,-29.80901022,12.73880504,305.0176519
0.86,9.067142765,-4.540050918,0.400478617,-29.63794408,16.68523917,304.9849355
0.861,9.066198788,-4.538542538,0.431345932,-29.46491292,20.63245603,304.9032322
0.862,9.065185118,-4.536922412,0.462199278,-29.28977147,24.5797454,304.7725494
0.863,9.064101863,-4.535190631,0.493037663,-29.11237482,28.52639735,304.5929051
0.864,9.062949138,-4.53334729,0.523860093,-28.93257848,32.47170246,304.3643283
0.865,9.061727065,-4.531392492,0.554665577,-28.75023843,36.41495194,304.0868583
0.866,9.060435775,-4.529326345,0.585453126,-28.56521121,40.35543789,303.7605454
0.867,9.059075404,-4.527148963,0.616221754,-28.37735397,44.29245341,303.3854501
0.868,9.057646096,-4.524860467,0.646970474,-28.18652455,48.22529281,302.9616441
0.869,9.056148004,-4.522460983,0.677698303,-27.99258152,52.1532518,302.489209
0.87,9.054581286,-4.519950643,0.708404261,-27.79538427,56.07562761,301.9682376
0.871,9.052946108,-4.517329587,0.739087368,-27.59479306,59.99171927,301.3988327
0.872,9.051242644,-4.514597958,0.769746648,-27.39066907,63.90082766,300.7811078
0.873,9.049471073,-4.511755907,0.800381126,-27.1828745,67.80225578,300.1151867
0.874,9.047631583,-4.50880359,0.830989831,-26.97127261,71.69530891,299.4012036
0.875,9.045724369,-4.50574117,0.861571794,-26.75572777,75.57929472,298.6393031
0.876,9.043749632,-4.502568814,0.892126049,-26.53610555,79.45352351,297.8296399
0.877,9.041707581,-4.499286697,0.922651631,-26.31227277,83.31730837,296.9723789
0.878,9.039598431,-4.495894998,0.953147581,-26.08409752,87.1699653,296.0676953
0.879,9.037422405,-4.492393903,0.98361294,-25.85144932,91.01081345,295.1157742
0.88,9.035179732,-4.488783602,1.014046755,-25.61419906,94.83917521,294.1168106
0.881,9.032870648,-4.485064294,1.044448074,-25.37221914,98.65437645,293.0710098
0.882,9.030495397,-4.481236179,1.074815948,-25.1253835,102.4557466,291.9785864
0.883,9.028054229,-4.477299468,1.105149433,-24.87356768,106.2426189,290.8397653
0.884,9.025547399,-4.473254372,1.135447589,-24.61664888,110.0143306,289.6547807
0.885,9.022975172,-4.469101113,1.165709476,-24.35450601,113.7702227,288.4238765
0.886,9.020337816,-4.464839914,1.19593416,-24.08701973,117.5096409,287.1473063
0.887,9.01763561,-4.460471006,1.226120712,-23.81407254,121.231935,285.8253329
0.888,9.014868836,-4.455994626,1.256268205,-23.53554882,124.9364594,284.4582284
0.889,9.012037783,-4.451411013,1.286375716,-23.25133484,128.6225733,283.0462743
0.89,9.009142749,-4.446720416,1.316442326,-22.9613189,132.2896405,281.5897611
0.891,9.006184034,-4.441923085,1.34646712,-22.66539129,135.9370301,280.0889884
0.892,9.003161949,-4.437019278,1.376449188,-22.36344438,139.5641162,278.5442647
0.893,9.000076809,-4.432009257,1.406387624,-22.05537267,143.1702781,276.9559074
0.894,8.996928935,-4.42689329,1.436281524,-21.74107286,146.7549007,275.3242423
0.895,8.993718654,-4.421671651,1.466129992,-21.42044383,150.3173742,273.6496042
0.896,8.990446302,-4.416344615,1.495932133,-21.09338675,153.8570947,271.9323362
0.897,8.987112217,-4.410912468,1.52568706,-20.75980509,157.3734642,270.1727897
0.898,8.983716746,-4.405375496,1.555393887,-20.41960469,160.8658904,268.3713244
0.899,8.980260241,-4.399733992,1.585051736,-20.07269377,164.3337872,266.5283081
0.9,8.97674306,-4.393988254,1.614659731,-19.71898299,167.7765748,264.6441167
0.901,8.973165567,-4.388138585,1.644217002,-19.35838549,171.1936796,262.7191339
0.902,8.969528132,-4.382185292,1.673722684,-18.99081694,174.5845345,260.7537511
0.903,8.965831131,-4.376128688,1.703175917,-18.61619555,177.948579,258.7483674
0.904,8.962074943,-4.369969088,1.732575846,-18.23444213,181.2852593,256.7033893
0.905,8.958259958,-4.363706816,1.761921621,-17.84548012,184.5940283,254.6192309
0.906,8.954386566,-4.357342196,1.791212395,-17.44923561,187.8743459,252.4963131
0.907,8.950455166,-4.35087556,1.820447331,-17.0456374,191.1256791,250.3350643
0.908,8.946466161,-4.344307243,1.849625593,-16.63461702,194.3475018,248.1359195
0.909,8.942419961,-4.337637584,1.878746352,-16.21610875,197.5392952,245.8993207
0.91,8.93831698,-4.330866927,1.907808785,-15.79004967,200.7005481,243.6257166
0.911,8.934157636,-4.323995621,1.936812073,-15.35637967,203.8307562,241.3155622
0.912,8.929942355,-4.317024018,1.965755403,-14.91504148,206.9294232,238.9693192
0.913,8.925671567,-4.309952475,1.994637968,-14.46598072,209.9960602,236.5874552
0.914,8.921345706,-4.302781352,2.023458967,-14.00914589,213.0301859,234.170444
0.915,8.916965213,-4.295511016,2.052217603,-13.54448843,216.031327,231.7187654
0.916,8.912530532,-4.288141834,2.080913088,-13.07196269,218.9990178,229.2329051
0.917,8.908042113,-4.280674179,2.109544635,-12.59152603,221.9328009,226.713354
0.918,8.903500411,-4.27310843,2.138111468,-12.10313875,224.8322265,224.160609
0.919,8.898905885,-4.265444966,2.166612813,-11.60676418,227.6968532,221.575172
0.92,8.894258999,-4.257684172,2.195047903,-11.10236866,230.5262477,218.9575501
0.921,8.889560221,-4.249826436,2.223415979,-10.58992157,233.3199847,216.3082557
0.922,8.884810025,-4.241872151,2.251716285,-10.06939533,236.0776476,213.6278057
0.923,8.880008888,-4.233821712,2.279948073,-9.540765452,238.7988278,210.916722
0.924,8.875157293,-4.225675517,2.3081106,-9.004010497,241.4831253,208.1755309
0.925,8.870255725,-4.217433971,2.336203131,-8.459112128,244.1301484,205.4047631
0.926,8.865304675,-4.209097478,2.364224935,-7.906055105,246.7395143,202.6049538
0.927,8.860304637,-4.200666448,2.392175288,-7.344827293,249.3108483,199.776642
0.928,8.855256111,-4.192141295,2.420053473,-6.775419672,251.8437846,196.9203708
0.929,8.850159599,-4.183522433,2.447858779,-6.197826343,254.337966,194.0366869
0.93,8.845015608,-4.174810282,2.475590501,-5.61204453,256.7930441,191.1261408
0.931,8.839824649,-4.166005265,2.503247941,-5.018074588,259.2086791,188.1892866
0.932,8.834587236,-4.157107806,2.530830406,-4.415920001,261.58454,185.2266813
0.933,8.829303888,-4.148118334,2.55833721,-3.805587387,263.9203047,182.2388853
0.934,8.823975126,-4.139037281,2.585767676,-3.187086495,266.2156599,179.2264621
0.935,8.818601475,-4.12986508,2.61312113,-2.560430204,268.4703012,176.1899778
0.936,8.813183465,-4.120602168,2.640396907,-1.925634521,270.683933,173.1300014
0.937,8.807721628,-4.111248985,2.667594346,-1.282718578,272.8562688,170.0471042
0.938,8.802216499,-4.101805973,2.694712795,-0.631704627,274.9870308,166.9418601
0.939,8.796668619,-4.092273577,2.721751608,0.02738197,277.0759503,163.8148451
0.94,8.791078528,-4.082652245,2.748710145,0.694512741,279.1227677,160.6666371
0.941,8.785446774,-4.072942426,2.775587773,1.369656121,281.1272319,157.4978162
0.942,8.779773903,-4.063144573,2.802383866,2.052777455,283.0891014,154.3089642
0.943,8.774060467,-4.053259141,2.829097803,2.743839011,285.0081432,151.1006642
0.944,8.768307021,-4.043286586,2.855728974,3.442799993,286.8841336,147.8735012
0.945,8.762514123,-4.033227368,2.88227677,4.149616555,288.7168576,144.628061
0.946,8.756682331,-4.023081947,2.908740593,4.86424181,290.5061094,141.3649311
0.947,8.750812209,-4.012850789,2.935119849,5.586625852,292.2516922,138.0846994
0.948,8.744904322,-4.002534357,2.961413954,6.316715766,293.9534181,134.7879551
0.949,8.738959237,-3.992133119,2.987622327,7.054455651,295.611108,131.475288
0.95,8.732977526,-3.981647546,3.013744397,7.799786634,297.2245921,128.1472882
0.951,8.726959761,-3.971078107,3.039779598,8.552646895,298.7937092,124.8045465
0.952,8.720906516,-3.960425276,3.06572737,9.312971679,300.3183071,121.4476538
0.953,8.714818369,-3.949689528,3.091587163,10.08069333,301.7982427,118.0772011
0.954,8.7086959,-3.938871339,3.11735843,10.85574129,303.2333815,114.6937796
0.955,8.70253969,-3.927971186,3.143040633,11.63804217,304.623598,111.2979801
0.956,8.696350322,-3.91698955,3.168633242,12.4275197,305.9687754,107.8903931
0.957,8.690128382,-3.905926911,3.19413573,13.22409484,307.2688058,104.4716087
0.958,8.683874457,-3.894783752,3.219547579,14.02768574,308.5235901,101.0422164
0.959,8.677589137,-3.883560555,3.24486828,14.8382078,309.7330376,97.60280517
0.96,8.671273012,-3.872257806,3.270097327,15.65557367,310.8970667,94.1539628
0.961,8.664926675,-3.860875992,3.295234222,16.47969333,312.0156041,90.69627631
0.962,8.65855072,-3.849415599,3.320278475,17.31047406,313.0885853,87.23033152
0.963,8.652145742,-3.837877115,3.345229602,18.14782053,314.1159544,83.75671305
0.964,8.645712339,-3.826261031,3.370087126,18.99163477,315.0976639,80.27600412
0.965,8.639251109,-3.814567836,3.394850575,19.84181624,316.0336746,76.78878644
0.966,8.632762651,-3.802798021,3.419519486,20.69826187,316.9239562,73.29564011
0.967,8.626247567,-3.79095208,3.444093403,21.56086607,317.7684862,69.79714348
0.968,8.619706459,-3.779030504,3.468571874,22.42952078,318.5672509,66.29387302
0.969,8.613139929,-3.767033787,3.492954456,23.30411549,319.3202445,62.78640321
0.97,8.606548583,-3.754962424,3.517240713,24.18453729,320.0274697,59.27530644
0.971,8.599933025,-3.74281691,3.541430214,25.07067091,320.6889371,55.76115285
0.972,8.59329386,-3.730597739,3.565522535,25.96239875,321.3046655,52.24451026
0.973,8.586631697,-3.718305409,3.58951726,26.8596009,321.8746817,48.72594405
0.974,8.579947141,-3.705940415,3.613413978,27.76215522,322.3990205,45.20601702
0.975,8.573240803,-3.693503254,3.637212286,28.66993734,322.8777245,41.6852893
0.976,8.566513289,-3.680994423,3.660911786,29.58282073,323.3108443,38.16431827
0.977,8.55976521,-3.66841442,3.684512088,30.50067671,323.6984382,34.6436584
0.978,8.552997175,-3.655763742,3.708012808,31.42337452,324.0405721,31.12386121
0.979,8.546209794,-3.643042888,3.731413569,32.35078135,324.3373195,27.60547511
0.98,8.539403679,-3.630252354,3.754713999,33.28276237,324.5887617,24.08904534
0.981,8.532579439,-3.617392639,3.777913734,34.2191808,324.7949872,20.57511388
0.982,8.525737685,-3.604464241,3.801012416,35.15989791,324.9560921,17.0642193
0.983,8.518879029,-3.591467657,3.824009693,36.10477311,325.0721798,13.55689675
0.984,8.512004082,-3.578403386,3.84690522,37.05366398,325.1433608,10.05367778
0.985,8.505113454,-3.565271924,3.869698657,38.00642628,325.1697529,6.555090321
0.986,8.498207757,-3.552073771,3.892389673,38.96291406,325.1514811,3.061658581
0.987,8.491287603,-3.538809421,3.914977941,39.92297963,325.0886773,-0.426097063
0.988,8.4843536,-3.525479373,3.93746314,40.88647367,324.9814802,-3.907660123
0.989,8.477406361,-3.512084123,3.959844958,41.85324524,324.8300357,-7.382518092
0.99,8.470446495,-3.498624167,3.982123085,42.82314181,324.6344962,-10.85016251
0.991,8.463474612,-3.4851,4.004297221,43.79600938,324.3950208,-14.31008907
0.992,8.456491322,-3.471512117,4.026367071,44.77169243,324.1117754,-17.76179764
0.993,8.449497233,-3.457861014,4.048332344,45.75003404,323.7849322,-21.20479239
0.994,8.442492954,-3.444147183,4.070192758,46.73087591,323.4146699,-24.63858183
0.995,8.435479092,-3.430371119,4.091948035,47.71405839,323.0011738,-28.06267887
0.996,8.428456256,-3.416533314,4.113597904,48.69942056,322.544635,-31.47660094
0.997,8.42142505,-3.402634259,4.1351421,49.68680025,322.0452512,-34.87986997
0.998,8.414386081,-3.388674446,4.156580363,50.67603413,321.5032259,-38.27201253
0.999,8.407339954,-3.374654365,4.177912439,51.66695768,320.9187687,-41.65255984
1,8.400287272,-3.360574505,4.199138081,52.65940534,320.2920951,-45.02104785
